2026-08-19 10:35:36 | ERROR    | Error 10148, reqId 279: OrderId 279 that needs to be cancelled cannot be cancelled, state: Cancelled.
2026-08-19 10:36:06 | ERROR    | Error 10147, reqId 279: OrderId 279 that needs to be cancelled is not found.
2026-08-19 11:34:01 | ERROR    | Error 10148, reqId 283: OrderId 283 that needs to be cancelled cannot be cancelled, state: Cancelled.
2026-08-19 11:34:06 | ERROR    | Error 10148, reqId 283: OrderId 283 that needs to be cancelled cannot be cancelled, state: Cancelled.
2026-08-19 12:53:57 | ERROR    | Error 10148, reqId 286: OrderId 286 that needs to be cancelled cannot be cancelled, state: Cancelled.
2026-08-19 12:54:06 | ERROR    | Error 10148, reqId 286: OrderId 286 that needs to be cancelled cannot be cancelled, state: Cancelled.
2026-08-19 14:02:11 | ERROR    | Error 10148, reqId 289: OrderId 289 that needs to be cancelled cannot be cancelled, state: Cancelled.
2026-08-19 14:03:06 | ERROR    | Error 10147, reqId 289: OrderId 289 that needs to be cancelled is not found.
2026-08-19 15:47:06 | ERROR    | Error 10147, reqId 292: OrderId 292 that needs to be cancelled is not found.
2026-08-19 19:20:01 | ERROR    | Error 1100, reqId -1: Connectivity between IBKR and Trader Workstation has been lost.
2026-08-19 19:20:08 | ERROR    | Error 1100, reqId -1: Connectivity between IBKR and Trader Workstation has been lost.
2026-08-20 09:12:28 | ERROR    | Error 10147, reqId 296: OrderId 296 that needs to be cancelled is not found.
2026-08-20 09:12:28 | WARNING  | Canceled order: Trade(contract=Contract(secType='FUT', conId=649180671, symbol='ES', lastTradeDateOrContractMonth='20260918', multiplier='50', exchange='CME', currency='USD', localSymbol='ESU6', tradingClass='ES'), order=Order(orderId=296, clientId=11, permId=1802872743, action='BUY', totalQuantity=1.0, orderType='LMT', lmtPrice=7715.5, auxPrice=0.0, tif='DAY', ocaGroup='exit_294_1787169006', ocaType=1), orderStatus=OrderStatus(orderId=296, status='Cancelled', filled=0.0, remaining=1.0, avgFillPrice=0.0, permId=1802872743, parentId=0, lastFillPrice=0.0, clientId=11, whyHeld='', mktCapPrice=0.0), fills=[], log=[TradeLogEntry(time=datetime.datetime(2026, 8, 19, 19, 50, 6, 180808, tzinfo=datetime.timezone.utc), status='PendingSubmit', message='', errorCode=0), TradeLogEntry(time=datetime.datetime(2026, 8, 19, 19, 50, 6, 237761, tzinfo=datetime.timezone.utc), status='PreSubmitted', message='', errorCode=0), TradeLogEntry(time=datetime.datetime(2026, 8, 19, 19, 50, 7, 237479, tzinfo=datetime.timezone.utc), status='Submitted', message='', errorCode=0), TradeLogEntry(time=datetime.datetime(2026, 8, 20, 13, 12, 28, 609533, tzinfo=datetime.timezone.utc), status='PendingCancel', message='', errorCode=0), TradeLogEntry(time=datetime.datetime(2026, 8, 20, 13, 12, 28, 611533, tzinfo=datetime.timezone.utc), status='Cancelled', message='Error 10147, reqId 296: OrderId 296 that needs to be cancelled is not found.', errorCode=10147)], advancedError='')
2026-08-20 09:12:28 | ERROR    | Error handling fields: ['10', '274', 'ES', 'FUT', '20260918 08:30:00 US/Central', '0', '', 'CME', 'USD', 'ESU6', 'ES', 'ES', '649180671', '0.25', '50', 'ACTIVETIM,AD,ADJUST,ALERT,ALGO,ALLOC,AVGCOST,BASKET,BENCHPX,COND,CONDORDER,DAY,DEACT,DEACTDIS,DEACTEOD,GAT,GTC,GTD,GTT,HID,ICE,IOC,LIT,LMT,LTH,MIT,MKT,MTL,NGCOMB,NONALGO,OCA,PEGBENCH,SCALE,SCALERST,SNAPMID,SNAPMKT,SNAPREL,STP,STPLMT,TRAIL,TRAILLIT,TRAILLMT,TRAILMIT,WHATIF', 'CME,QBALGO', '1', '11004968', 'E-mini S&P 500', '', '202609', '', '', '', 'US/Central', '20260819:1700-20260820:1600;20260820:1700-20260821:1600;20260822:CLOSED;20260823:1700-20260824:1600;20260824:1700-20260825:1600;20260825:1700-20260826:1600', '20260820:0830-20260820:1600;20260821:0830-20260821:1600;20260822:CLOSED;20260823:CLOSED;20260824:0830-20260824:1600;20260825:0830-20260825:1600;20260825:1700-20260826:1600', '', '', '0', '2147483647', 'ES', 'IND', '67,67', '20260918', '', '1', '1', '1']
Traceback (most recent call last):
  File "C:\Python312\Lib\site-packages\ib_insync\decoder.py", line 198, in interpret
    handler(fields)
  File "C:\Python312\Lib\site-packages\ib_insync\decoder.py", line 336, in contractDetails
    self.wrapper.contractDetails(int(reqId), cd)
  File "C:\Python312\Lib\site-packages\ib_insync\wrapper.py", line 521, in contractDetails
    self._results[reqId].append(contractDetails)
    ~~~~~~~~~~~~~^^^^^^^
KeyError: 274
2026-08-20 09:12:28 | ERROR    | Error 1102, reqId -1: Connectivity between IBKR and Trader Workstation has been restored - data maintained. All data farms are connected: usfarm.nj; usfuture; usfarm; euhmds; fundfarm; ushmds; secdefnj.
2026-08-20 09:25:58 | ERROR    | Error 1100, reqId -1: Connectivity between IBKR and Trader Workstation has been lost.
2026-08-20 09:27:27 | ERROR    | Error 1100, reqId -1: Connectivity between IBKR and Trader Workstation has been lost.
2026-08-20 09:27:31 | ERROR    | Error 1102, reqId -1: Connectivity between IBKR and Trader Workstation has been restored - data maintained. All data farms are connected: usfarm.nj; usfuture; usfarm; euhmds; fundfarm; ushmds; secdefnj.
2026-08-20 09:28:34 | ERROR    | Error 1100, reqId -1: Connectivity between IBKR and Trader Workstation has been lost.
2026-08-20 09:28:52 | ERROR    | Error 1102, reqId -1: Connectivity between IBKR and Trader Workstation has been restored - data maintained. All data farms are connected: usfarm.nj; usfuture; usfarm; euhmds; fundfarm; ushmds; secdefnj.
2026-08-20 09:28:52 | ERROR    | Error 322, reqId 303: Error processing request.-'bX' : cause - Maximum number of account summary requests exceeded; desubscribe to previous request first
2026-08-20 09:31:30 | ERROR    | Error 10148, reqId 301: OrderId 301 that needs to be cancelled cannot be cancelled, state: PendingCancel.
2026-08-20 09:31:30 | WARNING  | Canceled order: Trade(contract=Contract(secType='FUT', conId=649180671, symbol='ES', lastTradeDateOrContractMonth='20260918', multiplier='50', exchange='CME', currency='USD', localSymbol='ESU6', tradingClass='ES'), order=Order(orderId=301, clientId=11, permId=1802872749, action='BUY', totalQuantity=1.0, orderType='LMT', lmtPrice=7685.0, auxPrice=0.0, tif='DAY', ocaGroup='exit_299_1787231549', ocaType=1), orderStatus=OrderStatus(orderId=301, status='Cancelled', filled=0.0, remaining=1.0, avgFillPrice=0.0, permId=1802872749, parentId=0, lastFillPrice=0.0, clientId=11, whyHeld='', mktCapPrice=0.0), fills=[], log=[TradeLogEntry(time=datetime.datetime(2026, 8, 20, 13, 12, 29, 399662, tzinfo=datetime.timezone.utc), status='PendingSubmit', message='', errorCode=0), TradeLogEntry(time=datetime.datetime(2026, 8, 20, 13, 12, 29, 480341, tzinfo=datetime.timezone.utc), status='PreSubmitted', message='', errorCode=0), TradeLogEntry(time=datetime.datetime(2026, 8, 20, 13, 12, 30, 479531, tzinfo=datetime.timezone.utc), status='Submitted', message='', errorCode=0), TradeLogEntry(time=datetime.datetime(2026, 8, 20, 13, 31, 30, 516902, tzinfo=datetime.timezone.utc), status='PreSubmitted', message='', errorCode=0), TradeLogEntry(time=datetime.datetime(2026, 8, 20, 13, 31, 30, 526256, tzinfo=datetime.timezone.utc), status='PendingCancel', message='', errorCode=0), TradeLogEntry(time=datetime.datetime(2026, 8, 20, 13, 31, 30, 537775, tzinfo=datetime.timezone.utc), status='PendingCancel', message='', errorCode=0), TradeLogEntry(time=datetime.datetime(2026, 8, 20, 13, 31, 30, 539308, tzinfo=datetime.timezone.utc), status='Cancelled', message='Error 10148, reqId 301: OrderId 301 that needs to be cancelled cannot be cancelled, state: PendingCancel.', errorCode=10148)], advancedError='')
2026-08-20 09:32:06 | ERROR    | Error 10147, reqId 301: OrderId 301 that needs to be cancelled is not found.
2026-08-20 10:39:36 | ERROR    | Error 10148, reqId 306: OrderId 306 that needs to be cancelled cannot be cancelled, state: PendingCancel.
2026-08-20 10:39:36 | WARNING  | Canceled order: Trade(contract=Contract(secType='FUT', conId=649180671, symbol='ES', lastTradeDateOrContractMonth='20260918', multiplier='50', exchange='CME', currency='USD', localSymbol='ESU6', tradingClass='ES'), order=Order(orderId=306, clientId=11, permId=1802872757, action='BUY', totalQuantity=1.0, orderType='LMT', lmtPrice=7691.5, auxPrice=0.0, tif='DAY', ocaGroup='exit_304_1787236446', ocaType=1), orderStatus=OrderStatus(orderId=306, status='Cancelled', filled=0.0, remaining=1.0, avgFillPrice=0.0, permId=1802872757, parentId=0, lastFillPrice=0.0, clientId=11, whyHeld='', mktCapPrice=0.0), fills=[], log=[TradeLogEntry(time=datetime.datetime(2026, 8, 20, 14, 34, 6, 464194, tzinfo=datetime.timezone.utc), status='PendingSubmit', message='', errorCode=0), TradeLogEntry(time=datetime.datetime(2026, 8, 20, 14, 34, 6, 527729, tzinfo=datetime.timezone.utc), status='PreSubmitted', message='', errorCode=0), TradeLogEntry(time=datetime.datetime(2026, 8, 20, 14, 34, 7, 526810, tzinfo=datetime.timezone.utc), status='Submitted', message='', errorCode=0), TradeLogEntry(time=datetime.datetime(2026, 8, 20, 14, 39, 36, 262034, tzinfo=datetime.timezone.utc), status='PreSubmitted', message='', errorCode=0), TradeLogEntry(time=datetime.datetime(2026, 8, 20, 14, 39, 36, 263041, tzinfo=datetime.timezone.utc), status='PendingCancel', message='', errorCode=0), TradeLogEntry(time=datetime.datetime(2026, 8, 20, 14, 39, 36, 268810, tzinfo=datetime.timezone.utc), status='PendingCancel', message='', errorCode=0), TradeLogEntry(time=datetime.datetime(2026, 8, 20, 14, 39, 36, 268810, tzinfo=datetime.timezone.utc), status='Cancelled', message='Error 10148, reqId 306: OrderId 306 that needs to be cancelled cannot be cancelled, state: PendingCancel.', errorCode=10148)], advancedError='')
2026-08-20 10:40:06 | ERROR    | Error 10147, reqId 306: OrderId 306 that needs to be cancelled is not found.
2026-08-20 11:22:38 | ERROR    | Error 10148, reqId 309: OrderId 309 that needs to be cancelled cannot be cancelled, state: PendingCancel.
2026-08-20 11:22:38 | WARNING  | Canceled order: Trade(contract=Contract(secType='FUT', conId=649180671, symbol='ES', lastTradeDateOrContractMonth='20260918', multiplier='50', exchange='CME', currency='USD', localSymbol='ESU6', tradingClass='ES'), order=Order(orderId=309, clientId=11, permId=1802872762, action='SELL', totalQuantity=1.0, orderType='LMT', lmtPrice=7718.5, auxPrice=0.0, tif='DAY', ocaGroup='exit_307_1787239206', ocaType=1), orderStatus=OrderStatus(orderId=309, status='Cancelled', filled=0.0, remaining=1.0, avgFillPrice=0.0, permId=1802872762, parentId=0, lastFillPrice=0.0, clientId=11, whyHeld='', mktCapPrice=0.0), fills=[], log=[TradeLogEntry(time=datetime.datetime(2026, 8, 20, 15, 20, 6, 366018, tzinfo=datetime.timezone.utc), status='PendingSubmit', message='', errorCode=0), TradeLogEntry(time=datetime.datetime(2026, 8, 20, 15, 20, 6, 476521, tzinfo=datetime.timezone.utc), status='PreSubmitted', message='', errorCode=0), TradeLogEntry(time=datetime.datetime(2026, 8, 20, 15, 20, 7, 475537, tzinfo=datetime.timezone.utc), status='Submitted', message='', errorCode=0), TradeLogEntry(time=datetime.datetime(2026, 8, 20, 15, 22, 38, 822770, tzinfo=datetime.timezone.utc), status='PreSubmitted', message='', errorCode=0), TradeLogEntry(time=datetime.datetime(2026, 8, 20, 15, 22, 38, 841229, tzinfo=datetime.timezone.utc), status='PendingCancel', message='', errorCode=0), TradeLogEntry(time=datetime.datetime(2026, 8, 20, 15, 22, 38, 846237, tzinfo=datetime.timezone.utc), status='PendingCancel', message='', errorCode=0), TradeLogEntry(time=datetime.datetime(2026, 8, 20, 15, 22, 38, 848251, tzinfo=datetime.timezone.utc), status='Cancelled', message='Error 10148, reqId 309: OrderId 309 that needs to be cancelled cannot be cancelled, state: PendingCancel.', errorCode=10148)], advancedError='')
2026-08-20 11:23:06 | ERROR    | Error 10147, reqId 309: OrderId 309 that needs to be cancelled is not found.
2026-08-20 12:40:33 | ERROR    | Error 10148, reqId 312: OrderId 312 that needs to be cancelled cannot be cancelled, state: Cancelled.
2026-08-20 12:41:06 | ERROR    | Error 10147, reqId 312: OrderId 312 that needs to be cancelled is not found.
5 🔻 7735.75
  📡 RSI: 71.6 | MACD: -0.30 | ATR: 4.71
  📊 Filled: 1 | Pending: 0
  📍 SHORT @ 7736.50 | SL: 7744.50 | TP: 7725.75 | P&L: $-25.00
  💰 Daily P&L: $+0.00

[2026-08-19 09:07] O:7737.25 H:7738.25 L:7734.75 C:7736.75 V:3287.0
  📈 Trend: moderate_bearish (raw: moderate_bullish) | 🌍 Regime: trending_bullish
  🗺️  Grid: 0.100% | 🔺 7739.25 🔻 7735.25
  📡 RSI: 60.6 | MACD: -0.30 | ATR: 4.46
  📊 Filled: 1 | Pending: 0
  📍 SHORT @ 7736.50 | SL: 7744.50 | TP: 7725.75 | P&L: $-12.50
  💰 Daily P&L: $+0.00

[2026-08-19 09:08] O:7736.75 H:7738.75 L:7734.50 C:7735.75 V:4149.0
  📈 Trend: moderate_bearish (raw: moderate_bullish) | 🌍 Regime: trending_bullish
  🗺️  Grid: 0.100% | 🔺 7738.25 🔻 7734.75
  📡 RSI: 49.2 | MACD: -0.38 | ATR: 4.43
  📊 Filled: 1 | Pending: 0
  📍 SHORT @ 7736.50 | SL: 7744.50 | TP: 7725.75 | P&L: $+37.50
  💰 Daily P&L: $+0.00

[2026-08-19 09:09] O:7735.75 H:7738.00 L:7734.50 C:7737.75 V:2608.0
  📈 Trend: moderate_bullish | 🌍 Regime: trending_bullish
  🗺️  Grid: 0.100% | 🔺 7738.75 🔻 7734.50
  📡 RSI: 43.4 | MACD: -0.27 | ATR: 4.12
  📊 Filled: 1 | Pending: 0
  📍 SHORT @ 7736.50 | SL: 7744.50 | TP: 7725.75 | P&L: $-62.50
  💰 Daily P&L: $+0.00

[2026-08-19 09:10] O:7737.75 H:7739.25 L:7733.75 C:7733.75 V:3803.0
  📈 Trend: moderate_bullish | 🌍 Regime: trending_bullish
  🗺️  Grid: 0.100% | 🔺 7738.00 🔻 7734.50
  📡 RSI: 27.0 | MACD: -0.51 | ATR: 4.14
  📊 Filled: 1 | Pending: 0
  📍 SHORT @ 7736.50 | SL: 7744.50 | TP: 7725.75 | P&L: $+137.50
  💰 Daily P&L: $+0.00

[2026-08-19 09:11] O:7733.75 H:7734.25 L:7730.75 C:7731.25 V:4596.0
  📈 Trend: moderate_bullish | 🌍 Regime: trending_bullish
  🗺️  Grid: 0.100% | 🔺 7739.25 🔻 7733.75
  📡 RSI: 18.8 | MACD: -0.89 | ATR: 4.11
  📊 Filled: 1 | Pending: 0
  📍 SHORT @ 7736.50 | SL: 7744.50 | TP: 7725.75 | P&L: $+262.50
  💰 Daily P&L: $+0.00

[2026-08-19 09:12] O:7731.25 H:7733.00 L:7730.00 C:7732.50 V:5886.0
  📈 Trend: moderate_bullish (raw: strong_bearish) | 🌍 Regime: ranging
  🗺️  Grid: 0.100% | 🔺 7734.25 🔻 7730.75
  📡 RSI: 23.3 | MACD: -1.07 | ATR: 4.00
  📊 Filled: 1 | Pending: 0
  📍 SHORT @ 7736.50 | SL: 7744.50 | TP: 7725.75 | P&L: $+200.00
  💰 Daily P&L: $+0.00

[2026-08-19 09:13] O:7732.25 H:7735.25 L:7731.50 C:7734.25 V:5358.0
  📈 Trend: moderate_bullish (raw: strong_bearish) | 🌍 Regime: ranging
  🗺️  Grid: 0.100% | 🔺 7733.00 🔻 7730.00
  📡 RSI: 34.8 | MACD: -1.07 | ATR: 4.05
  📊 Filled: 1 | Pending: 0
  📍 SHORT @ 7736.50 | SL: 7744.50 | TP: 7725.75 | P&L: $+112.50
  💰 Daily P&L: $+0.00

[2026-08-19 09:14] O:7734.25 H:7734.50 L:7726.50 C:7727.50 V:6677.0
  📈 Trend: strong_bearish | 🌍 Regime: trending_bearish
  🗺️  Grid: 0.100% | 🔺 7735.25 🔻 7731.50
  📡 RSI: 25.3 | MACD: -1.59 | ATR: 4.18
  📊 Filled: 1 | Pending: 0
  📍 SHORT @ 7736.50 | SL: 7744.50 | TP: 7725.75 | P&L: $+450.00
  💰 Daily P&L: $+0.00

[2026-08-19 09:15] O:7727.50 H:7732.50 L:7726.75 C:7732.25 V:5979.0
  📈 Trend: strong_bearish | 🌍 Regime: trending_bearish
  🗺️  Grid: 0.100% | 🔺 7734.50 🔻 7726.50
  📡 RSI: 39.4 | MACD: -1.60 | ATR: 4.27
  📊 Filled: 1 | Pending: 0
  📍 SHORT @ 7736.50 | SL: 7744.50 | TP: 7725.75 | P&L: $+212.50
  💰 Daily P&L: $+0.00

[2026-08-19 09:16] O:7732.25 H:7738.00 L:7730.50 C:7737.50 V:6043.0
  📈 Trend: strong_bearish | 🌍 Regime: trending_bearish
  🗺️  Grid: 0.100% | 🔺 7732.50 🔻 7726.75
  📡 RSI: 51.6 | MACD: -1.17 | ATR: 4.61
  📊 Filled: 1 | Pending: 0
  📍 SHORT @ 7736.50 | SL: 7744.50 | TP: 7725.75 | P&L: $-50.00
  💰 Daily P&L: $+0.00

[2026-08-19 09:17] O:7737.50 H:7738.50 L:7735.00 C:7738.00 V:4559.0
  📈 Trend: strong_bearish (raw: moderate_bearish) | 🌍 Regime: ranging
  🗺️  Grid: 0.100% | 🔺 7738.00 🔻 7730.50
  📡 RSI: 53.2 | MACD: -0.78 | ATR: 4.61
  📊 Filled: 1 | Pending: 0
  📍 SHORT @ 7736.50 | SL: 7744.50 | TP: 7725.75 | P&L: $-75.00
  💰 Daily P&L: $+0.00

[2026-08-19 09:18] O:7738.00 H:7741.00 L:7736.25 C:7740.25 V:5127.0
  📈 Trend: strong_bearish (raw: moderate_bullish) | 🌍 Regime: ranging
  🗺️  Grid: 0.100% | 🔺 7738.50 🔻 7735.00
  📡 RSI: 56.4 | MACD: -0.29 | ATR: 4.64
  📊 Filled: 1 | Pending: 0
  📍 SHORT @ 7736.50 | SL: 7744.50 | TP: 7725.75 | P&L: $-187.50
  💰 Daily P&L: $+0.00

[2026-08-19 09:19] O:7740.25 H:7741.00 L:7736.75 C:7737.25 V:4182.0
  📈 Trend: strong_bearish (raw: moderate_bearish) | 🌍 Regime: ranging
  🗺️  Grid: 0.100% | 🔺 7741.00 🔻 7736.25
  📡 RSI: 50.7 | MACD: -0.14 | ATR: 4.62
  📊 Filled: 1 | Pending: 0
  📍 SHORT @ 7736.50 | SL: 7744.50 | TP: 7725.75 | P&L: $-37.50
  💰 Daily P&L: $+0.00

[2026-08-19 09:20] O:7737.25 H:7741.25 L:7736.25 C:7740.50 V:5391.0
  📈 Trend: strong_bearish (raw: strong_bullish) | 🌍 Regime: ranging
  🗺️  Grid: 0.100% | 🔺 7741.00 🔻 7736.75
  📡 RSI: 54.5 | MACD: 0.24 | ATR: 4.70
  📊 Filled: 1 | Pending: 0
  📍 SHORT @ 7736.50 | SL: 7744.50 | TP: 7725.75 | P&L: $-200.00
  💰 Daily P&L: $+0.00

[2026-08-19 09:21] O:7740.25 H:7740.75 L:7734.25 C:7736.25 V:3825.0
  📈 Trend: strong_bearish (raw: moderate_bullish) | 🌍 Regime: ranging
  🗺️  Grid: 0.100% | 🔺 7741.25 🔻 7736.25
  📡 RSI: 49.4 | MACD: 0.19 | ATR: 4.91
  📊 Filled: 1 | Pending: 0
  📍 SHORT @ 7736.50 | SL: 7744.50 | TP: 7725.75 | P&L: $+12.50
  💰 Daily P&L: $+0.00

[2026-08-19 09:22] O:7736.00 H:7737.50 L:7733.50 C:7734.00 V:3432.0
  📈 Trend: strong_bearish (raw: moderate_bearish) | 🌍 Regime: ranging
  🗺️  Grid: 0.100% | 🔺 7740.75 🔻 7734.25
  📡 RSI: 48.0 | MACD: -0.02 | ATR: 4.89
  📊 Filled: 1 | Pending: 0
  📍 SHORT @ 7736.50 | SL: 7744.50 | TP: 7725.75 | P&L: $+125.00
  💰 Daily P&L: $+0.00

[2026-08-19 09:23] O:7734.25 H:7738.00 L:7733.50 C:7736.50 V:2940.0
  📈 Trend: strong_bearish (raw: strong_bullish) | 🌍 Regime: ranging
  🗺️  Grid: 0.100% | 🔺 7737.50 🔻 7733.50
  📡 RSI: 48.6 | MACD: 0.01 | ATR: 4.96
  📊 Filled: 1 | Pending: 0
  📍 SHORT @ 7736.50 | SL: 7744.50 | TP: 7725.75 | P&L: $+0.00
  💰 Daily P&L: $+0.00

[2026-08-19 09:24] O:7736.50 H:7738.00 L:7735.25 C:7735.50 V:2778.0
  📈 Trend: strong_bearish (raw: moderate_bearish) | 🌍 Regime: ranging
  🗺️  Grid: 0.100% | 🔺 7738.00 🔻 7733.50
  📡 RSI: 52.1 | MACD: -0.05 | ATR: 4.77
  📊 Filled: 1 | Pending: 0
  📍 SHORT @ 7736.50 | SL: 7744.50 | TP: 7725.75 | P&L: $+50.00
  💰 Daily P&L: $+0.00

[2026-08-19 09:25] O:7735.25 H:7736.25 L:7731.50 C:7732.50 V:3707.0
  📈 Trend: strong_bearish | 🌍 Regime: ranging
  🗺️  Grid: 0.100% | 🔺 7738.00 🔻 7735.25
  📡 RSI: 51.5 | MACD: -0.33 | ATR: 4.86
  📊 Filled: 1 | Pending: 0
  📍 SHORT @ 7736.50 | SL: 7744.50 | TP: 7725.75 | P&L: $+200.00
  💰 Daily P&L: $+0.00

[2026-08-19 09:26] O:7732.50 H:7735.50 L:7732.00 C:7734.00 V:5864.0
  📈 Trend: strong_bearish | 🌍 Regime: ranging
  🗺️  Grid: 0.100% | 🔺 7736.25 🔻 7731.50
  📡 RSI: 51.8 | MACD: -0.43 | ATR: 4.89
  📊 Filled: 1 | Pending: 0
  📍 SHORT @ 7736.50 | SL: 7744.50 | TP: 7725.75 | P&L: $+125.00
  💰 Daily P&L: $+0.00

[2026-08-19 09:27] O:7733.75 H:7737.25 L:7732.75 C:7736.75 V:3956.0
  📈 Trend: strong_bearish (raw: moderate_bullish) | 🌍 Regime: ranging
  🗺️  Grid: 0.100% | 🔺 7735.50 🔻 7732.00
  📡 RSI: 52.9 | MACD: -0.29 | ATR: 4.95
  📊 Filled: 1 | Pending: 0
  📍 SHORT @ 7736.50 | SL: 7744.50 | TP: 7725.75 | P&L: $-12.50
  💰 Daily P&L: $+0.00

[2026-08-19 09:28] O:7736.50 H:7739.25 L:7735.75 C:7737.50 V:3400.0
  📈 Trend: strong_bearish (raw: moderate_bearish) | 🌍 Regime: ranging
  🗺️  Grid: 0.100% | 🔺 7737.25 🔻 7732.75
  📡 RSI: 63.5 | MACD: -0.11 | ATR: 4.62
  📊 Filled: 1 | Pending: 0
  📍 SHORT @ 7736.50 | SL: 7744.50 | TP: 7725.75 | P&L: $-50.00
  💰 Daily P&L: $+0.00

[2026-08-19 09:29] O:7737.75 H:7740.25 L:7737.25 C:7739.50 V:2668.0
  📈 Trend: strong_bearish (raw: strong_bullish) | 🌍 Regime: ranging
  🗺️  Grid: 0.100% | 🔺 7739.25 🔻 7735.75
  📡 RSI: 60.6 | MACD: 0.19 | ATR: 4.43
  📊 Filled: 1 | Pending: 0
  📍 SHORT @ 7736.50 | SL: 7744.50 | TP: 7725.75 | P&L: $-150.00
  💰 Daily P&L: $+0.00

[2026-08-19 09:30] O:7739.50 H:7740.25 L:7737.75 C:7739.25 V:4357.0
  📈 Trend: strong_bearish (raw: strong_bullish) | 🌍 Regime: ranging
  🗺️  Grid: 0.100% | 🔺 7740.25 🔻 7737.25
  📡 RSI: 53.0 | MACD: 0.41 | ATR: 4.07
  📊 Filled: 1 | Pending: 0
  📍 SHORT @ 7736.50 | SL: 7744.50 | TP: 7725.75 | P&L: $-137.50
  💰 Daily P&L: $+0.00

[2026-08-19 09:31] O:7739.25 H:7743.00 L:7738.50 C:7742.50 V:4314.0
  📈 Trend: strong_bullish | 🌍 Regime: ranging
  🗺️  Grid: 0.100% | 🔺 7740.25 🔻 7737.75
  📡 RSI: 57.0 | MACD: 0.83 | ATR: 4.14
  📊 Filled: 1 | Pending: 0
  📍 SHORT @ 7736.50 | SL: 7744.50 | TP: 7725.75 | P&L: $-300.00
  💰 Daily P&L: $+0.00

[2026-08-19 09:32] O:7742.50 H:7743.50 L:7740.75 C:7742.25 V:3182.0
  📈 Trend: strong_bullish | 🌍 Regime: ranging
  🗺️  Grid: 0.100% | 🔺 7743.00 🔻 7738.50
  📡 RSI: 53.3 | MACD: 1.13 | ATR: 4.00
  📊 Filled: 1 | Pending: 0
  📍 SHORT @ 7736.50 | SL: 7744.50 | TP: 7725.75 | P&L: $-287.50
  💰 Daily P&L: $+0.00

[2026-08-19 09:33] O:7742.25 H:7744.25 L:7741.25 C:7743.00 V:2551.0
  📈 Trend: strong_bullish | 🌍 Regime: ranging
  🗺️  Grid: 0.100% | 🔺 7743.50 🔻 7740.75
  📡 RSI: 60.4 | MACD: 1.41 | ATR: 3.91
  📊 Filled: 1 | Pending: 0
  📍 SHORT @ 7736.50 | SL: 7744.50 | TP: 7725.75 | P&L: $-325.00
  💰 Daily P&L: $+0.00

[2026-08-19 09:34] O:7743.00 H:7743.00 L:7739.75 C:7741.75 V:2967.0
  📈 Trend: strong_bullish | 🌍 Regime: ranging
  🗺️  Grid: 0.100% | 🔺 7744.25 🔻 7741.25
  📡 RSI: 52.4 | MACD: 1.52 | ATR: 3.79
  📊 Filled: 1 | Pending: 0
  📍 SHORT @ 7736.50 | SL: 7744.50 | TP: 7725.75 | P&L: $-262.50
  💰 Daily P&L: $+0.00
  📋 Order 279 status: PreSubmitted
  📋 Order 279 status: PendingCancel
  ✅ Fill: BOT 1.0 @ 7744.5
  📋 Order 278 status: Filled
  📋 Order 279 status: PendingCancel
  🛡️ OCA backup: cancelling sibling order 279 immediately after 278 filled
  📋 Order 279 status: Cancelled

[2026-08-19 09:35] O:7741.50 H:7745.00 L:7741.00 C:7745.00 V:3086.0
  📈 Trend: strong_bullish | 🌍 Regime: ranging
  🗺️  Grid: 0.100% | 🔺 7743.00 🔻 7739.75
  📡 RSI: 67.7 | MACD: 1.84 | ATR: 3.61
  📊 Filled: 1 | Pending: 0
  📍 SHORT @ 7736.50 | SL: 7744.50 | TP: 7725.75 | P&L: $-425.00
  ❌ EXIT SHORT @ 7744.50 | Stop Loss
     P&L: -8.00 pts ($-400.00) | Daily: $-400.00
  ⚠️ POSITION MISMATCH after exit: broker=1, bot expects=0
  🛟 Flattening stray 1 contract(s) with SELL to restore expected exposure
  📤 Market SELL 1 contracts submitted (ID: 280)
  📋 Order 280 status: PreSubmitted
  ✅ Fill: SLD 1.0 @ 7744.5
  📋 Order 280 status: Filled
  ⏸️ Cooldown: 2 bar(s) remaining after exit
  💰 Daily P&L: $-400.00

[2026-08-19 09:36] O:7744.75 H:7745.25 L:7743.25 C:7745.00 V:3195.0
  📈 Trend: strong_bullish | 🌍 Regime: ranging
  🗺️  Grid: 0.100% | 🔺 7745.00 🔻 7741.00
  📡 RSI: 74.4 | MACD: 2.08 | ATR: 3.46
  📊 Filled: 0 | Pending: 0
  ⏸️ Cooldown: 1 bar(s) remaining after exit
  💰 Daily P&L: $-400.00

[2026-08-19 09:37] O:7745.00 H:7748.50 L:7744.50 C:7748.50 V:3620.0
  📈 Trend: strong_bullish | 🌍 Regime: ranging
  🗺️  Grid: 0.100% | 🔺 7745.25 🔻 7743.25
  📡 RSI: 75.5 | MACD: 2.52 | ATR: 3.43
  📊 Filled: 0 | Pending: 0
  💰 Daily P&L: $-400.00

[2026-08-19 09:38] O:7748.50 H:7751.50 L:7748.50 C:7751.00 V:6180.0
  📈 Trend: strong_bullish | 🌍 Regime: ranging
  🗺️  Grid: 0.100% | 🔺 7748.50 🔻 7744.50
  📡 RSI: 81.0 | MACD: 3.03 | ATR: 3.45
  📊 Filled: 0 | Pending: 0
  💰 Daily P&L: $-400.00

[2026-08-19 09:39] O:7751.25 H:7752.75 L:7750.50 C:7751.50 V:3519.0
  📈 Trend: strong_bullish | 🌍 Regime: ranging
  🗺️  Grid: 0.100% | 🔺 7751.50 🔻 7748.50
  📡 RSI: 92.2 | MACD: 3.44 | ATR: 3.27
  📊 Filled: 0 | Pending: 0
  💰 Daily P&L: $-400.00

[2026-08-19 09:40] O:7751.50 H:7753.25 L:7751.25 C:7751.75 V:3784.0
  📈 Trend: strong_bullish | 🌍 Regime: ranging
  🗺️  Grid: 0.100% | 🔺 7752.75 🔻 7750.50
  📡 RSI: 91.8 | MACD: 3.74 | ATR: 3.16
  📊 Filled: 0 | Pending: 0
  💰 Daily P&L: $-400.00

[2026-08-19 09:41] O:7751.75 H:7752.50 L:7749.50 C:7750.00 V:4119.0
  📈 Trend: strong_bullish | 🌍 Regime: ranging
  🗺️  Grid: 0.100% | 🔺 7753.25 🔻 7751.25
  📡 RSI: 82.7 | MACD: 3.79 | ATR: 3.05
  📊 Filled: 0 | Pending: 0
  💰 Daily P&L: $-400.00

[2026-08-19 09:42] O:7750.00 H:7750.50 L:7748.00 C:7750.50 V:3075.0
  📈 Trend: strong_bullish | 🌍 Regime: ranging
  🗺️  Grid: 0.100% | 🔺 7752.50 🔻 7749.50
  📡 RSI: 82.5 | MACD: 3.83 | ATR: 2.98
  📊 Filled: 0 | Pending: 0
  💰 Daily P&L: $-400.00

[2026-08-19 09:43] O:7750.25 H:7751.75 L:7749.50 C:7750.00 V:2145.0
  📈 Trend: strong_bullish | 🌍 Regime: ranging
  🗺️  Grid: 0.100% | 🔺 7750.50 🔻 7748.00
  📡 RSI: 78.4 | MACD: 3.78 | ATR: 2.93
  📊 Filled: 0 | Pending: 0
  💰 Daily P&L: $-400.00

[2026-08-19 09:44] O:7750.00 H:7751.00 L:7749.25 C:7750.50 V:1429.0
  📈 Trend: strong_bullish | 🌍 Regime: ranging
  🗺️  Grid: 0.100% | 🔺 7751.75 🔻 7749.50
  📡 RSI: 80.0 | MACD: 3.73 | ATR: 2.88
  📊 Filled: 0 | Pending: 0
  💰 Daily P&L: $-400.00

[2026-08-19 09:45] O:7750.50 H:7752.00 L:7749.75 C:7751.50 V:2444.0
  📈 Trend: strong_bullish | 🌍 Regime: ranging
  🗺️  Grid: 0.100% | 🔺 7751.00 🔻 7749.25
  📡 RSI: 77.3 | MACD: 3.73 | ATR: 2.71
  📊 Filled: 0 | Pending: 0
  💰 Daily P&L: $-400.00

[2026-08-19 09:46] O:7751.50 H:7752.00 L:7749.75 C:7751.25 V:1627.0
  📈 Trend: strong_bullish | 🌍 Regime: ranging
  🗺️  Grid: 0.100% | 🔺 7752.00 🔻 7749.75
  📡 RSI: 77.3 | MACD: 3.67 | ATR: 2.68
  📊 Filled: 0 | Pending: 0
  💰 Daily P&L: $-400.00

[2026-08-19 09:47] O:7751.25 H:7752.50 L:7750.00 C:7751.25 V:1927.0
  📈 Trend: strong_bullish | 🌍 Regime: trending_bullish
  🗺️  Grid: 0.100% | 🔺 7752.00 🔻 7749.75
  📡 RSI: 76.2 | MACD: 3.58 | ATR: 2.64
  📊 Filled: 0 | Pending: 0
  💰 Daily P&L: $-400.00

[2026-08-19 09:48] O:7751.50 H:7752.00 L:7748.75 C:7748.75 V:1978.0
  📈 Trend: strong_bullish | 🌍 Regime: trending_bullish
  🗺️  Grid: 0.100% | 🔺 7752.50 🔻 7750.00
  📡 RSI: 70.6 | MACD: 3.27 | ATR: 2.64
  📊 Filled: 0 | Pending: 0
  💰 Daily P&L: $-400.00

[2026-08-19 09:49] O:7748.75 H:7749.75 L:7746.50 C:7747.25 V:3219.0
  📈 Trend: strong_bullish | 🌍 Regime: trending_bullish
  🗺️  Grid: 0.100% | 🔺 7752.00 🔻 7748.75
  📡 RSI: 57.4 | MACD: 2.87 | ATR: 2.59
  📊 Filled: 0 | Pending: 0
  💰 Daily P&L: $-400.00

[2026-08-19 09:50] O:7747.00 H:7748.50 L:7746.75 C:7748.00 V:2352.0
  📈 Trend: strong_bullish | 🌍 Regime: trending_bullish
  🗺️  Grid: 0.100% | 🔺 7749.75 🔻 7746.50
  📡 RSI: 59.4 | MACD: 2.59 | ATR: 2.57
  📊 Filled: 0 | Pending: 0
  💰 Daily P&L: $-400.00

[2026-08-19 09:51] O:7748.00 H:7751.50 L:7748.00 C:7748.75 V:2757.0
  📈 Trend: strong_bullish | 🌍 Regime: trending_bullish
  🗺️  Grid: 0.100% | 🔺 7748.50 🔻 7746.75
  📡 RSI: 50.9 | MACD: 2.39 | ATR: 2.54
  📊 Filled: 0 | Pending: 0
  💰 Daily P&L: $-400.00

[2026-08-19 09:52] O:7748.75 H:7750.00 L:7748.25 C:7749.50 V:2126.0
  📈 Trend: strong_bullish | 🌍 Regime: trending_bullish
  🗺️  Grid: 0.100% | 🔺 7751.50 🔻 7748.00
  📡 RSI: 43.5 | MACD: 2.27 | ATR: 2.45
  📊 Filled: 0 | Pending: 0
  💰 Daily P&L: $-400.00

[2026-08-19 09:53] O:7749.50 H:7753.75 L:7749.50 C:7753.75 V:3063.0
  📈 Trend: strong_bullish | 🌍 Regime: trending_bullish
  🗺️  Grid: 0.100% | 🔺 7750.00 🔻 7748.25
  📡 RSI: 57.4 | MACD: 2.49 | ATR: 2.59
  📊 Filled: 0 | Pending: 0
  💰 Daily P&L: $-400.00

[2026-08-19 09:54] O:7753.75 H:7754.00 L:7752.75 C:7753.25 V:2315.0
  📈 Trend: strong_bullish | 🌍 Regime: trending_bullish
  🗺️  Grid: 0.100% | 🔺 7753.75 🔻 7749.50
  📡 RSI: 54.8 | MACD: 2.60 | ATR: 2.54
  📊 Filled: 0 | Pending: 0
  💰 Daily P&L: $-400.00

[2026-08-19 09:55] O:7753.25 H:7754.50 L:7752.50 C:7753.75 V:3086.0
  📈 Trend: strong_bullish | 🌍 Regime: trending_bullish
  🗺️  Grid: 0.100% | 🔺 7754.00 🔻 7752.75
  📡 RSI: 63.2 | MACD: 2.69 | ATR: 2.46
  📊 Filled: 0 | Pending: 0
  💰 Daily P&L: $-400.00

[2026-08-19 09:56] O:7754.00 H:7757.75 L:7754.00 C:7757.50 V:4215.0
  📈 Trend: strong_bullish | 🌍 Regime: trending_bullish
  🗺️  Grid: 0.100% | 🔺 7754.50 🔻 7752.50
  📡 RSI: 70.0 | MACD: 3.03 | ATR: 2.57
  📊 Filled: 0 | Pending: 0
  💰 Daily P&L: $-400.00

[2026-08-19 09:57] O:7757.75 H:7758.75 L:7756.50 C:7756.75 V:3358.0
  📈 Trend: strong_bullish | 🌍 Regime: trending_bullish
  🗺️  Grid: 0.100% | 🔺 7757.75 🔻 7754.00
  📡 RSI: 69.0 | MACD: 3.20 | ATR: 2.57
  📊 Filled: 0 | Pending: 0
  💰 Daily P&L: $-400.00

[2026-08-19 09:58] O:7757.00 H:7760.50 L:7756.25 C:7760.00 V:3843.0
  📈 Trend: strong_bullish | 🌍 Regime: trending_bullish
  🗺️  Grid: 0.100% | 🔺 7758.75 🔻 7756.50
  📡 RSI: 73.2 | MACD: 3.56 | ATR: 2.75
  📊 Filled: 0 | Pending: 0
  💰 Daily P&L: $-400.00

[2026-08-19 09:59] O:7760.25 H:7762.25 L:7759.75 C:7761.75 V:4013.0
  📈 Trend: strong_bullish | 🌍 Regime: trending_bullish
  🗺️  Grid: 0.100% | 🔺 7760.50 🔻 7756.25
  📡 RSI: 74.1 | MACD: 3.94 | ATR: 2.77
  📊 Filled: 0 | Pending: 0
  💰 Daily P&L: $-400.00

[2026-08-19 10:00] O:7762.00 H:7762.75 L:7760.25 C:7762.00 V:4048.0
  📈 Trend: strong_bullish | 🌍 Regime: trending_bullish
  🗺️  Grid: 0.100% | 🔺 7762.25 🔻 7759.75
  📡 RSI: 75.3 | MACD: 4.21 | ATR: 2.79
  📊 Filled: 0 | Pending: 0
  💰 Daily P&L: $-400.00

[2026-08-19 10:01] O:7762.00 H:7764.75 L:7761.50 C:7762.00 V:5303.0
  📈 Trend: strong_bullish | 🌍 Regime: trending_bullish
  🗺️  Grid: 0.100% | 🔺 7762.75 🔻 7760.25
  📡 RSI: 75.3 | MACD: 4.37 | ATR: 2.84
  📊 Filled: 0 | Pending: 0
  💰 Daily P&L: $-400.00

[2026-08-19 10:02] O:7762.25 H:7762.50 L:7760.00 C:7760.75 V:2754.0
  📈 Trend: strong_bullish | 🌍 Regime: trending_bullish
  🗺️  Grid: 0.100% | 🔺 7764.75 🔻 7761.50
  📡 RSI: 80.0 | MACD: 4.35 | ATR: 2.79
  📊 Filled: 0 | Pending: 0
  💰 Daily P&L: $-400.00

[2026-08-19 10:03] O:7760.75 H:7761.50 L:7760.25 C:7761.25 V:2895.0
  📈 Trend: strong_bullish | 🌍 Regime: trending_bullish
  🗺️  Grid: 0.100% | 🔺 7762.50 🔻 7760.00
  📡 RSI: 86.8 | MACD: 4.33 | ATR: 2.64
  📊 Filled: 0 | Pending: 0
  💰 Daily P&L: $-400.00

[2026-08-19 10:04] O:7761.25 H:7762.00 L:7761.00 C:7761.75 V:1928.0
  📈 Trend: strong_bullish | 🌍 Regime: trending_bullish
  🗺️  Grid: 0.100% | 🔺 7761.50 🔻 7760.25
  📡 RSI: 86.7 | MACD: 4.30 | ATR: 2.59
  📊 Filled: 0 | Pending: 0
  💰 Daily P&L: $-400.00

[2026-08-19 10:05] O:7761.75 H:7762.50 L:7759.75 C:7761.50 V:3579.0
  📈 Trend: strong_bullish | 🌍 Regime: trending_bullish
  🗺️  Grid: 0.100% | 🔺 7762.00 🔻 7761.00
  📡 RSI: 84.9 | MACD: 4.21 | ATR: 2.54
  📊 Filled: 0 | Pending: 0
  💰 Daily P&L: $-400.00

[2026-08-19 10:06] O:7761.75 H:7762.00 L:7759.00 C:7759.50 V:2103.0
  📈 Trend: strong_bullish | 🌍 Regime: trending_bullish
  🗺️  Grid: 0.100% | 🔺 7762.50 🔻 7759.75
  📡 RSI: 75.6 | MACD: 3.93 | ATR: 2.62
  📊 Filled: 0 | Pending: 0
  💰 Daily P&L: $-400.00

[2026-08-19 10:07] O:7759.50 H:7760.75 L:7758.50 C:7759.25 V:2604.0
  📈 Trend: strong_bullish | 🌍 Regime: trending_bullish
  🗺️  Grid: 0.100% | 🔺 7762.00 🔻 7759.00
  📡 RSI: 67.7 | MACD: 3.64 | ATR: 2.48
  📊 Filled: 0 | Pending: 0
  💰 Daily P&L: $-400.00

[2026-08-19 10:08] O:7759.25 H:7759.50 L:7756.25 C:7756.25 V:2945.0
  📈 Trend: strong_bullish | 🌍 Regime: trending_bullish
  🗺️  Grid: 0.100% | 🔺 7760.75 🔻 7758.50
  📡 RSI: 58.3 | MACD: 3.14 | ATR: 2.62
  📊 Filled: 0 | Pending: 0
  💰 Daily P&L: $-400.00

[2026-08-19 10:09] O:7756.25 H:7757.50 L:7754.50 C:7754.75 V:2793.0
  📈 Trend: strong_bullish | 🌍 Regime: trending_bullish
  🗺️  Grid: 0.100% | 🔺 7759.50 🔻 7756.25
  📡 RSI: 52.6 | MACD: 2.59 | ATR: 2.70
  📊 Filled: 0 | Pending: 0
  💰 Daily P&L: $-400.00

[2026-08-19 10:10] O:7755.00 H:7756.25 L:7754.50 C:7756.00 V:2068.0
  📈 Trend: strong_bullish | 🌍 Regime: trending_bullish
  🗺️  Grid: 0.100% | 🔺 7757.50 🔻 7754.50
  📡 RSI: 45.5 | MACD: 2.23 | ATR: 2.54
  📊 Filled: 0 | Pending: 0
  💰 Daily P&L: $-400.00

[2026-08-19 10:11] O:7755.75 H:7756.50 L:7754.75 C:7755.75 V:1728.0
  📈 Trend: strong_bullish | 🌍 Regime: trending_bullish
  🗺️  Grid: 0.100% | 🔺 7756.25 🔻 7754.50
  📡 RSI: 46.9 | MACD: 1.90 | ATR: 2.50
  📊 Filled: 0 | Pending: 0
  💰 Daily P&L: $-400.00

[2026-08-19 10:12] O:7755.50 H:7759.00 L:7755.50 C:7758.75 V:2483.0
  📈 Trend: strong_bullish | 🌍 Regime: trending_bullish
  🗺️  Grid: 0.100% | 🔺 7756.50 🔻 7754.75
  📡 RSI: 46.0 | MACD: 1.86 | ATR: 2.45
  📊 Filled: 0 | Pending: 0
  💰 Daily P&L: $-400.00

[2026-08-19 10:13] O:7758.50 H:7759.50 L:7758.00 C:7758.00 V:1795.0
  📈 Trend: strong_bullish | 🌍 Regime: trending_bullish
  🗺️  Grid: 0.100% | 🔺 7759.00 🔻 7755.50
  📡 RSI: 37.3 | MACD: 1.75 | ATR: 2.38
  📊 Filled: 0 | Pending: 0
  💰 Daily P&L: $-400.00

[2026-08-19 10:14] O:7758.00 H:7758.25 L:7756.25 C:7758.00 V:1567.0
  📈 Trend: strong_bullish | 🌍 Regime: trending_bullish
  🗺️  Grid: 0.100% | 🔺 7759.50 🔻 7758.00
  📡 RSI: 36.2 | MACD: 1.65 | ATR: 2.34
  📊 Filled: 0 | Pending: 0
  💰 Daily P&L: $-400.00

[2026-08-19 10:15] O:7757.75 H:7758.25 L:7753.50 C:7754.25 V:3316.0
  📈 Trend: strong_bullish (raw: moderate_bullish) | 🌍 Regime: trending_bullish
  🗺️  Grid: 0.100% | 🔺 7758.25 🔻 7756.25
  📡 RSI: 28.8 | MACD: 1.24 | ATR: 2.45
  📊 Filled: 0 | Pending: 0
  💰 Daily P&L: $-400.00

[2026-08-19 10:16] O:7754.25 H:7756.50 L:7753.75 C:7756.00 V:1893.0
  📈 Trend: strong_bullish (raw: moderate_bullish) | 🌍 Regime: trending_bullish
  🗺️  Grid: 0.100% | 🔺 7758.25 🔻 7753.50
  📡 RSI: 37.3 | MACD: 1.05 | ATR: 2.46
  📊 Filled: 0 | Pending: 0
  🟢 Pullback LONG | RSI 28.8→37.3 turning up in strong_bullish
  📤 Limit BUY 1 @ 7757.50 submitted (ID: 281)
  📋 Order 281 status: PreSubmitted
  ✅ Fill: BOT 1.0 @ 7755.75
  📋 Order 281 status: Filled
  ⬆️ LONG ORDER @ 7757.50 | Size: 1.00 | SL: 7748.50 | TP: 7771.00 [1cts]
     Reason: Grid Long (strong_bullish, RSI: 37.3)
  🔬 SHADOW [long trending]: 🟥 ROBUST WOULD BLOCK (1 filter)
       MACD=BLOCK (+1.05 vs +1.24, Δ-0.19) | 5m=PASS (1m=strong_bullish, 5m=sideways)
     ⏳ Order 281 PENDING - awaiting fill confirmation
  💰 Daily P&L: $-400.00
  📤 Stop-Market SELL 1 @ 7747.75 submitted (ID: 282) [OCA:exit_281_1787152685]
  📋 Order 282 status: PreSubmitted
  📤 Limit SELL 1 @ 7766.50 submitted (ID: 283) [OCA:exit_281_1787152685]
  📋 Order 283 status: PreSubmitted
  ✅ FILL CONFIRMED: LONG @ 7755.75 (order 281)
     📊 Bracket placed: SL #282 @ 7747.75 | TP #283 @ 7766.50
     Trail activates @ +7.5 pts

[2026-08-19 10:17] O:7756.00 H:7756.50 L:7755.25 C:7755.50 V:1584.0
  📈 Trend: moderate_bullish | 🌍 Regime: trending_bullish
  🗺️  Grid: 0.100% | 🔺 7756.50 🔻 7753.75
  📡 RSI: 34.7 | MACD: 0.85 | ATR: 2.46
  📊 Filled: 1 | Pending: 0
  📍 LONG @ 7755.75 | SL: 7747.75 | TP: 7766.50 | P&L: $-12.50
  💰 Daily P&L: $-400.00
  📋 Order 283 status: Submitted

[2026-08-19 10:18] O:7755.50 H:7755.75 L:7754.00 C:7754.75 V:1701.0
  📈 Trend: moderate_bullish | 🌍 Regime: trending_bullish
  🗺️  Grid: 0.100% | 🔺 7756.50 🔻 7755.25
  📡 RSI: 31.6 | MACD: 0.63 | ATR: 2.52
  📊 Filled: 1 | Pending: 0
  📍 LONG @ 7755.75 | SL: 7747.75 | TP: 7766.50 | P&L: $-50.00
  💰 Daily P&L: $-400.00

[2026-08-19 10:19] O:7754.50 H:7755.25 L:7753.75 C:7754.50 V:1596.0
  📈 Trend: moderate_bullish | 🌍 Regime: trending_bullish
  🗺️  Grid: 0.100% | 🔺 7755.75 🔻 7754.00
  📡 RSI: 31.6 | MACD: 0.42 | ATR: 2.43
  📊 Filled: 1 | Pending: 0
  📍 LONG @ 7755.75 | SL: 7747.75 | TP: 7766.50 | P&L: $-62.50
  💰 Daily P&L: $-400.00

[2026-08-19 10:20] O:7754.50 H:7755.00 L:7752.75 C:7753.25 V:2242.0
  📈 Trend: moderate_bullish | 🌍 Regime: trending_bullish
  🗺️  Grid: 0.100% | 🔺 7755.25 🔻 7753.75
  📡 RSI: 32.9 | MACD: 0.16 | ATR: 2.38
  📊 Filled: 1 | Pending: 0
  📍 LONG @ 7755.75 | SL: 7747.75 | TP: 7766.50 | P&L: $-125.00
  💰 Daily P&L: $-400.00

[2026-08-19 10:21] O:7753.25 H:7753.75 L:7751.75 C:7752.50 V:2831.0
  📈 Trend: moderate_bullish | 🌍 Regime: trending_bullish
  🗺️  Grid: 0.100% | 🔺 7755.00 🔻 7752.75
  📡 RSI: 32.0 | MACD: -0.11 | ATR: 2.36
  📊 Filled: 1 | Pending: 0
  📍 LONG @ 7755.75 | SL: 7747.75 | TP: 7766.50 | P&L: $-162.50
  💰 Daily P&L: $-400.00

[2026-08-19 10:22] O:7752.25 H:7755.00 L:7752.25 C:7754.50 V:1383.0
  📈 Trend: moderate_bullish | 🌍 Regime: trending_bullish
  🗺️  Grid: 0.100% | 🔺 7753.75 🔻 7751.75
  📡 RSI: 45.1 | MACD: -0.16 | ATR: 2.32
  📊 Filled: 1 | Pending: 0
  📍 LONG @ 7755.75 | SL: 7747.75 | TP: 7766.50 | P&L: $-62.50
  💰 Daily P&L: $-400.00

[2026-08-19 10:23] O:7754.75 H:7755.50 L:7754.00 C:7754.25 V:2003.0
  📈 Trend: moderate_bullish | 🌍 Regime: trending_bullish
  🗺️  Grid: 0.100% | 🔺 7755.00 🔻 7752.25
  📡 RSI: 48.5 | MACD: -0.22 | ATR: 2.21
  📊 Filled: 1 | Pending: 0
  📍 LONG @ 7755.75 | SL: 7747.75 | TP: 7766.50 | P&L: $-75.00
  💰 Daily P&L: $-400.00

[2026-08-19 10:24] O:7754.25 H:7754.75 L:7751.25 C:7751.50 V:1880.0
  📈 Trend: moderate_bullish | 🌍 Regime: trending_bullish
  🗺️  Grid: 0.100% | 🔺 7755.50 🔻 7754.00
  📡 RSI: 37.5 | MACD: -0.48 | ATR: 2.34
  📊 Filled: 1 | Pending: 0
  📍 LONG @ 7755.75 | SL: 7747.75 | TP: 7766.50 | P&L: $-212.50
  💰 Daily P&L: $-400.00

[2026-08-19 10:25] O:7751.50 H:7751.50 L:7748.25 C:7750.00 V:3742.0
  📈 Trend: moderate_bullish | 🌍 Regime: trending_bullish
  🗺️  Grid: 0.100% | 🔺 7754.75 🔻 7751.25
  📡 RSI: 35.1 | MACD: -0.80 | ATR: 2.45
  📊 Filled: 1 | Pending: 0
  📍 LONG @ 7755.75 | SL: 7747.75 | TP: 7766.50 | P&L: $-287.50
  💰 Daily P&L: $-400.00

[2026-08-19 10:26] O:7750.25 H:7750.25 L:7748.50 C:7750.00 V:2045.0
  📈 Trend: moderate_bullish | 🌍 Regime: trending_bullish
  🗺️  Grid: 0.100% | 🔺 7751.50 🔻 7748.25
  📡 RSI: 23.1 | MACD: -1.04 | ATR: 2.32
  📊 Filled: 1 | Pending: 0
  📍 LONG @ 7755.75 | SL: 7747.75 | TP: 7766.50 | P&L: $-287.50
  💰 Daily P&L: $-400.00

[2026-08-19 10:27] O:7749.75 H:7751.25 L:7749.50 C:7750.00 V:2301.0
  📈 Trend: moderate_bullish (raw: strong_bearish) | 🌍 Regime: trending_bearish
  🗺️  Grid: 0.100% | 🔺 7750.25 🔻 7748.50
  📡 RSI: 24.2 | MACD: -1.22 | ATR: 2.34
  📊 Filled: 1 | Pending: 0
  📍 LONG @ 7755.75 | SL: 7747.75 | TP: 7766.50 | P&L: $-287.50
  💰 Daily P&L: $-400.00

[2026-08-19 10:28] O:7750.25 H:7751.00 L:7749.50 C:7750.50 V:2044.0
  📈 Trend: moderate_bullish (raw: strong_bearish) | 🌍 Regime: ranging
  🗺️  Grid: 0.100% | 🔺 7751.25 🔻 7749.50
  📡 RSI: 26.6 | MACD: -1.30 | ATR: 2.30
  📊 Filled: 1 | Pending: 0
  📍 LONG @ 7755.75 | SL: 7747.75 | TP: 7766.50 | P&L: $-262.50
  💰 Daily P&L: $-400.00

[2026-08-19 10:29] O:7750.75 H:7752.00 L:7748.75 C:7750.75 V:2812.0
  📈 Trend: strong_bearish | 🌍 Regime: ranging
  🗺️  Grid: 0.100% | 🔺 7751.00 🔻 7749.50
  📡 RSI: 36.0 | MACD: -1.34 | ATR: 2.20
  📊 Filled: 1 | Pending: 0
  📍 LONG @ 7755.75 | SL: 7747.75 | TP: 7766.50 | P&L: $-250.00
  💰 Daily P&L: $-400.00

[2026-08-19 10:30] O:7750.75 H:7751.25 L:7749.00 C:7749.75 V:2874.0
  📈 Trend: strong_bearish | 🌍 Regime: ranging
  🗺️  Grid: 0.100% | 🔺 7752.00 🔻 7748.75
  📡 RSI: 23.4 | MACD: -1.42 | ATR: 2.16
  📊 Filled: 1 | Pending: 0
  📍 LONG @ 7755.75 | SL: 7747.75 | TP: 7766.50 | P&L: $-300.00
  💰 Daily P&L: $-400.00

[2026-08-19 10:31] O:7750.00 H:7750.75 L:7748.75 C:7749.00 V:1836.0
  📈 Trend: strong_bearish | 🌍 Regime: ranging
  🗺️  Grid: 0.100% | 🔺 7751.25 🔻 7749.00
  📡 RSI: 22.9 | MACD: -1.54 | ATR: 2.21
  📊 Filled: 1 | Pending: 0
  📍 LONG @ 7755.75 | SL: 7747.75 | TP: 7766.50 | P&L: $-337.50
  💰 Daily P&L: $-400.00

[2026-08-19 10:32] O:7749.00 H:7749.75 L:7748.25 C:7748.50 V:1788.0
  📈 Trend: strong_bearish | 🌍 Regime: ranging
  🗺️  Grid: 0.100% | 🔺 7750.75 🔻 7748.75
  📡 RSI: 23.4 | MACD: -1.65 | ATR: 2.20
  📊 Filled: 1 | Pending: 0
  📍 LONG @ 7755.75 | SL: 7747.75 | TP: 7766.50 | P&L: $-362.50
  💰 Daily P&L: $-400.00
  📋 Order 283 status: PreSubmitted
  📋 Order 283 status: PendingCancel
  ✅ Fill: SLD 1.0 @ 7747.75
  📋 Order 282 status: Filled
  📋 Order 283 status: PendingCancel
  🛡️ OCA backup: cancelling sibling order 283 immediately after 282 filled
  📋 Order 283 status: Cancelled

[2026-08-19 10:33] O:7748.50 H:7750.25 L:7748.00 C:7748.00 V:1733.0
  📈 Trend: strong_bearish | 🌍 Regime: ranging
  🗺️  Grid: 0.100% | 🔺 7749.75 🔻 7748.25
  📡 RSI: 22.9 | MACD: -1.76 | ATR: 2.25
  📊 Filled: 1 | Pending: 0
  📍 LONG @ 7755.75 | SL: 7747.75 | TP: 7766.50 | P&L: $-387.50
  ❌ EXIT LONG @ 7747.75 | Stop Loss
     P&L: -8.00 pts ($-400.00) | Daily: $-800.00
  ⏸️ Cooldown: 2 bar(s) remaining after exit
  💰 Daily P&L: $-800.00

[2026-08-19 10:34] O:7748.00 H:7748.25 L:7747.00 C:7747.25 V:1858.0
  📈 Trend: strong_bearish | 🌍 Regime: ranging
  🗺️  Grid: 0.100% | 🔺 7750.25 🔻 7748.00
  📡 RSI: 23.9 | MACD: -1.88 | ATR: 2.18
  📊 Filled: 0 | Pending: 0
  ⏸️ Cooldown: 1 bar(s) remaining after exit
  💰 Daily P&L: $-800.00

[2026-08-19 10:35] O:7747.50 H:7748.75 L:7746.00 C:7747.00 V:2389.0
  📈 Trend: strong_bearish | 🌍 Regime: ranging
  🗺️  Grid: 0.100% | 🔺 7748.25 🔻 7747.00
  📡 RSI: 25.0 | MACD: -1.98 | ATR: 2.23
  📊 Filled: 0 | Pending: 0
  💰 Daily P&L: $-800.00

[2026-08-19 10:36] O:7747.00 H:7747.50 L:7744.50 C:7744.75 V:2140.0
  📈 Trend: strong_bearish | 🌍 Regime: ranging
  🗺️  Grid: 0.100% | 🔺 7748.75 🔻 7746.00
  📡 RSI: 6.7 | MACD: -2.21 | ATR: 2.25
  📊 Filled: 0 | Pending: 0
  💰 Daily P&L: $-800.00

[2026-08-19 10:37] O:7744.50 H:7748.00 L:7743.00 C:7747.00 V:3583.0
  📈 Trend: strong_bearish | 🌍 Regime: ranging
  🗺️  Grid: 0.100% | 🔺 7747.50 🔻 7744.50
  📡 RSI: 22.6 | MACD: -2.19 | ATR: 2.50
  📊 Filled: 0 | Pending: 0
  💰 Daily P&L: $-800.00

[2026-08-19 10:38] O:7746.75 H:7747.25 L:7745.00 C:7745.50 V:1477.0
  📈 Trend: strong_bearish | 🌍 Regime: ranging
  🗺️  Grid: 0.100% | 🔺 7748.00 🔻 7743.00
  📡 RSI: 25.0 | MACD: -2.27 | ATR: 2.41
  📊 Filled: 0 | Pending: 0
  💰 Daily P&L: $-800.00

[2026-08-19 10:39] O:7745.50 H:7746.25 L:7744.50 C:7744.75 V:1634.0
  📈 Trend: strong_bearish | 🌍 Regime: ranging
  🗺️  Grid: 0.100% | 🔺 7747.25 🔻 7745.00
  📡 RSI: 26.7 | MACD: -2.36 | ATR: 2.30
  📊 Filled: 0 | Pending: 0
  💰 Daily P&L: $-800.00

[2026-08-19 10:40] O:7744.75 H:7744.75 L:7741.00 C:7741.25 V:4083.0
  📈 Trend: strong_bearish | 🌍 Regime: ranging
  🗺️  Grid: 0.100% | 🔺 7746.25 🔻 7744.50
  📡 RSI: 20.3 | MACD: -2.69 | ATR: 2.45
  📊 Filled: 0 | Pending: 0
  💰 Daily P&L: $-800.00

[2026-08-19 10:41] O:7741.00 H:7741.75 L:7740.00 C:7741.00 V:2541.0
  📈 Trend: strong_bearish | 🌍 Regime: ranging
  🗺️  Grid: 0.100% | 🔺 7744.75 🔻 7741.00
  📡 RSI: 20.0 | MACD: -2.93 | ATR: 2.45
  📊 Filled: 0 | Pending: 0
  💰 Daily P&L: $-800.00

[2026-08-19 10:42] O:7740.75 H:7742.00 L:7740.00 C:7741.50 V:2678.0
  📈 Trend: strong_bearish | 🌍 Regime: ranging
  🗺️  Grid: 0.100% | 🔺 7741.75 🔻 7740.00
  📡 RSI: 20.0 | MACD: -3.05 | ATR: 2.48
  📊 Filled: 0 | Pending: 0
  💰 Daily P&L: $-800.00

[2026-08-19 10:43] O:7741.50 H:7743.25 L:7740.25 C:7742.00 V:2299.0
  📈 Trend: strong_bearish | 🌍 Regime: ranging
  🗺️  Grid: 0.100% | 🔺 7742.00 🔻 7740.00
  📡 RSI: 21.3 | MACD: -3.07 | ATR: 2.46
  📊 Filled: 0 | Pending: 0
  💰 Daily P&L: $-800.00

[2026-08-19 10:44] O:7742.25 H:7744.50 L:7741.75 C:7744.25 V:2634.0
  📈 Trend: strong_bearish | 🌍 Regime: ranging
  🗺️  Grid: 0.100% | 🔺 7743.25 🔻 7740.25
  📡 RSI: 33.3 | MACD: -2.87 | ATR: 2.50
  📊 Filled: 0 | Pending: 0
  💰 Daily P&L: $-800.00

[2026-08-19 10:45] O:7744.25 H:7744.25 L:7743.00 C:7744.25 V:2632.0
  📈 Trend: strong_bearish | 🌍 Regime: ranging
  🗺️  Grid: 0.100% | 🔺 7744.50 🔻 7741.75
  📡 RSI: 34.9 | MACD: -2.68 | ATR: 2.45
  📊 Filled: 0 | Pending: 0
  💰 Daily P&L: $-800.00

[2026-08-19 10:46] O:7744.00 H:7746.50 L:7743.75 C:7745.75 V:4108.0
  📈 Trend: strong_bearish (raw: moderate_bearish) | 🌍 Regime: ranging
  🗺️  Grid: 0.100% | 🔺 7744.25 🔻 7743.00
  📡 RSI: 41.8 | MACD: -2.38 | ATR: 2.54
  📊 Filled: 0 | Pending: 0
  💰 Daily P&L: $-800.00

[2026-08-19 10:47] O:7746.00 H:7746.25 L:7744.00 C:7744.50 V:1713.0
  📈 Trend: strong_bearish (raw: moderate_bearish) | 🌍 Regime: ranging
  🗺️  Grid: 0.100% | 🔺 7746.50 🔻 7743.75
  📡 RSI: 40.0 | MACD: -2.22 | ATR: 2.54
  📊 Filled: 0 | Pending: 0
  💰 Daily P&L: $-800.00

[2026-08-19 10:48] O:7744.75 H:7747.75 L:7744.50 C:7747.50 V:2098.0
  📈 Trend: moderate_bearish | 🌍 Regime: ranging
  🗺️  Grid: 0.100% | 🔺 7746.25 🔻 7744.00
  📡 RSI: 50.6 | MACD: -1.83 | ATR: 2.68
  📊 Filled: 0 | Pending: 0
  💰 Daily P&L: $-800.00

[2026-08-19 10:49] O:7747.50 H:7748.25 L:7743.25 C:7743.25 V:3362.0
  📈 Trend: moderate_bearish | 🌍 Regime: ranging
  🗺️  Grid: 0.100% | 🔺 7747.75 🔻 7744.50
  📡 RSI: 42.1 | MACD: -1.84 | ATR: 2.84
  📊 Filled: 0 | Pending: 0
  💰 Daily P&L: $-800.00

[2026-08-19 10:50] O:7743.25 H:7744.75 L:7741.50 C:7743.75 V:4240.0
  📈 Trend: moderate_bearish | 🌍 Regime: ranging
  🗺️  Grid: 0.100% | 🔺 7748.25 🔻 7743.25
  📡 RSI: 47.7 | MACD: -1.79 | ATR: 2.86
  📊 Filled: 0 | Pending: 0
  💰 Daily P&L: $-800.00

[2026-08-19 10:51] O:7743.75 H:7744.50 L:7743.00 C:7743.25 V:2487.0
  📈 Trend: moderate_bearish | 🌍 Regime: ranging
  🗺️  Grid: 0.100% | 🔺 7744.75 🔻 7741.50
  📡 RSI: 40.7 | MACD: -1.77 | ATR: 2.61
  📊 Filled: 0 | Pending: 0
  💰 Daily P&L: $-800.00

[2026-08-19 10:52] O:7743.25 H:7743.75 L:7742.25 C:7743.00 V:2170.0
  📈 Trend: moderate_bearish | 🌍 Regime: ranging
  🗺️  Grid: 0.100% | 🔺 7744.50 🔻 7743.00
  📡 RSI: 43.4 | MACD: -1.75 | ATR: 2.55
  📊 Filled: 0 | Pending: 0
  💰 Daily P&L: $-800.00

[2026-08-19 10:53] O:7743.25 H:7743.75 L:7741.25 C:7741.50 V:1680.0
  📈 Trend: moderate_bearish | 🌍 Regime: ranging
  🗺️  Grid: 0.100% | 🔺 7743.75 🔻 7742.25
  📡 RSI: 41.8 | MACD: -1.84 | ATR: 2.61
  📊 Filled: 0 | Pending: 0
  💰 Daily P&L: $-800.00

[2026-08-19 10:54] O:7741.75 H:7742.50 L:7740.00 C:7740.75 V:3311.0
  📈 Trend: moderate_bearish | 🌍 Regime: ranging
  🗺️  Grid: 0.100% | 🔺 7743.75 🔻 7741.25
  📡 RSI: 48.5 | MACD: -1.94 | ATR: 2.52
  📊 Filled: 0 | Pending: 0
  💰 Daily P&L: $-800.00

[2026-08-19 10:55] O:7740.50 H:7742.50 L:7739.75 C:7742.00 V:2016.0
  📈 Trend: moderate_bearish | 🌍 Regime: ranging
  🗺️  Grid: 0.100% | 🔺 7742.50 🔻 7740.00
  📡 RSI: 52.8 | MACD: -1.91 | ATR: 2.59
  📊 Filled: 0 | Pending: 0
  💰 Daily P&L: $-800.00

[2026-08-19 10:56] O:7742.25 H:7742.75 L:7740.50 C:7742.00 V:1498.0
  📈 Trend: moderate_bearish | 🌍 Regime: ranging
  🗺️  Grid: 0.100% | 🔺 7742.50 🔻 7739.75
  📡 RSI: 51.4 | MACD: -1.85 | ATR: 2.61
  📊 Filled: 0 | Pending: 0
  💰 Daily P&L: $-800.00

[2026-08-19 10:57] O:7742.00 H:7743.00 L:7741.50 C:7741.75 V:1053.0
  📈 Trend: moderate_bearish | 🌍 Regime: ranging
  🗺️  Grid: 0.100% | 🔺 7742.75 🔻 7740.50
  📡 RSI: 49.3 | MACD: -1.81 | ATR: 2.50
  📊 Filled: 0 | Pending: 0
  💰 Daily P&L: $-800.00

[2026-08-19 10:58] O:7741.75 H:7744.00 L:7741.50 C:7743.75 V:1785.0
  📈 Trend: moderate_bearish | 🌍 Regime: ranging
  🗺️  Grid: 0.100% | 🔺 7743.00 🔻 7741.50
  📡 RSI: 48.5 | MACD: -1.60 | ATR: 2.48
  📊 Filled: 0 | Pending: 0
  💰 Daily P&L: $-800.00

[2026-08-19 10:59] O:7743.75 H:7745.75 L:7743.75 C:7745.75 V:2040.0
  📈 Trend: moderate_bearish (raw: moderate_bullish) | 🌍 Regime: ranging
  🗺️  Grid: 0.100% | 🔺 7744.00 🔻 7741.50
  📡 RSI: 53.9 | MACD: -1.25 | ATR: 2.54
  📊 Filled: 0 | Pending: 0
  💰 Daily P&L: $-800.00

[2026-08-19 11:00] O:7745.75 H:7748.00 L:7743.25 C:7748.00 V:5472.0
  📈 Trend: moderate_bearish (raw: moderate_bullish) | 🌍 Regime: ranging
  🗺️  Grid: 0.100% | 🔺 7745.75 🔻 7743.75
  📡 RSI: 55.7 | MACD: -0.79 | ATR: 2.68
  📊 Filled: 0 | Pending: 0
  💰 Daily P&L: $-800.00

[2026-08-19 11:01] O:7748.00 H:7749.00 L:7746.00 C:7748.75 V:2559.0
  📈 Trend: moderate_bullish | 🌍 Regime: ranging
  🗺️  Grid: 0.100% | 🔺 7748.00 🔻 7743.25
  📡 RSI: 61.0 | MACD: -0.36 | ATR: 2.73
  📊 Filled: 0 | Pending: 0
  💰 Daily P&L: $-800.00

[2026-08-19 11:02] O:7748.75 H:7750.50 L:7748.25 C:7750.00 V:2811.0
  📈 Trend: moderate_bullish (raw: strong_bullish) | 🌍 Regime: ranging
  🗺️  Grid: 0.100% | 🔺 7749.00 🔻 7746.00
  📡 RSI: 57.1 | MACD: 0.08 | ATR: 2.66
  📊 Filled: 0 | Pending: 0
  💰 Daily P&L: $-800.00

[2026-08-19 11:03] O:7750.25 H:7751.50 L:7750.00 C:7750.50 V:2125.0
  📈 Trend: moderate_bullish (raw: strong_bullish) | 🌍 Regime: ranging
  🗺️  Grid: 0.100% | 🔺 7750.50 🔻 7748.25
  📡 RSI: 76.4 | MACD: 0.47 | ATR: 2.41
  📊 Filled: 0 | Pending: 0
  💰 Daily P&L: $-800.00

[2026-08-19 11:04] O:7750.75 H:7752.50 L:7750.50 C:7752.50 V:2173.0
  📈 Trend: strong_bullish | 🌍 Regime: ranging
  🗺️  Grid: 0.100% | 🔺 7751.50 🔻 7750.00
  📡 RSI: 78.7 | MACD: 0.93 | ATR: 2.32
  📊 Filled: 0 | Pending: 0
  💰 Daily P&L: $-800.00

[2026-08-19 11:05] O:7752.50 H:7753.00 L:7751.50 C:7752.50 V:2068.0
  📈 Trend: strong_bullish | 🌍 Regime: ranging
  🗺️  Grid: 0.100% | 🔺 7752.50 🔻 7750.50
  📡 RSI: 81.4 | MACD: 1.27 | ATR: 2.32
  📊 Filled: 0 | Pending: 0
  💰 Daily P&L: $-800.00

[2026-08-19 11:06] O:7752.75 H:7753.25 L:7751.50 C:7752.50 V:2128.0
  📈 Trend: strong_bullish | 🌍 Regime: ranging
  🗺️  Grid: 0.100% | 🔺 7753.00 🔻 7751.50
  📡 RSI: 82.8 | MACD: 1.53 | ATR: 2.34
  📊 Filled: 0 | Pending: 0
  💰 Daily P&L: $-800.00

[2026-08-19 11:07] O:7752.25 H:7754.75 L:7751.50 C:7754.75 V:2764.0
  📈 Trend: strong_bullish | 🌍 Regime: ranging
  🗺️  Grid: 0.100% | 🔺 7753.25 🔻 7751.50
  📡 RSI: 93.4 | MACD: 1.89 | ATR: 2.39
  📊 Filled: 0 | Pending: 0
  💰 Daily P&L: $-800.00

[2026-08-19 11:08] O:7755.00 H:7755.50 L:7753.50 C:7753.50 V:2050.0
  📈 Trend: strong_bullish | 🌍 Regime: ranging
  🗺️  Grid: 0.100% | 🔺 7754.75 🔻 7751.50
  📡 RSI: 90.5 | MACD: 2.06 | ATR: 2.36
  📊 Filled: 0 | Pending: 0
  💰 Daily P&L: $-800.00

[2026-08-19 11:09] O:7753.50 H:7754.75 L:7753.00 C:7754.75 V:1422.0
  📈 Trend: strong_bullish | 🌍 Regime: ranging
  🗺️  Grid: 0.100% | 🔺 7755.50 🔻 7753.50
  📡 RSI: 90.5 | MACD: 2.26 | ATR: 2.29
  📊 Filled: 0 | Pending: 0
  💰 Daily P&L: $-800.00

[2026-08-19 11:10] O:7754.50 H:7755.75 L:7754.25 C:7755.25 V:1732.0
  📈 Trend: strong_bullish | 🌍 Regime: ranging
  🗺️  Grid: 0.100% | 🔺 7754.75 🔻 7753.00
  📡 RSI: 90.8 | MACD: 2.44 | ATR: 2.23
  📊 Filled: 0 | Pending: 0
  💰 Daily P&L: $-800.00

[2026-08-19 11:11] O:7755.25 H:7756.25 L:7754.25 C:7755.50 V:2208.0
  📈 Trend: strong_bullish | 🌍 Regime: ranging
  🗺️  Grid: 0.100% | 🔺 7755.75 🔻 7754.25
  📡 RSI: 92.3 | MACD: 2.56 | ATR: 2.27
  📊 Filled: 0 | Pending: 0
  💰 Daily P&L: $-800.00

[2026-08-19 11:12] O:7755.25 H:7756.00 L:7754.50 C:7755.75 V:1443.0
  📈 Trend: strong_bullish | 🌍 Regime: ranging
  🗺️  Grid: 0.100% | 🔺 7756.25 🔻 7754.25
  📡 RSI: 91.4 | MACD: 2.66 | ATR: 2.20
  📊 Filled: 0 | Pending: 0
  💰 Daily P&L: $-800.00

[2026-08-19 11:13] O:7755.75 H:7756.25 L:7754.75 C:7755.50 V:1142.0
  📈 Trend: strong_bullish | 🌍 Regime: ranging
  🗺️  Grid: 0.100% | 🔺 7756.00 🔻 7754.50
  📡 RSI: 88.2 | MACD: 2.68 | ATR: 2.16
  📊 Filled: 0 | Pending: 0
  💰 Daily P&L: $-800.00

[2026-08-19 11:14] O:7755.50 H:7755.75 L:7754.50 C:7755.00 V:1211.0
  📈 Trend: strong_bullish | 🌍 Regime: ranging
  🗺️  Grid: 0.100% | 🔺 7756.25 🔻 7754.75
  📡 RSI: 81.8 | MACD: 2.62 | ATR: 1.91
  📊 Filled: 0 | Pending: 0
  💰 Daily P&L: $-800.00

[2026-08-19 11:15] O:7755.00 H:7757.25 L:7753.75 C:7757.00 V:2725.0
  📈 Trend: strong_bullish | 🌍 Regime: ranging
  🗺️  Grid: 0.100% | 🔺 7755.75 🔻 7754.50
  📡 RSI: 83.7 | MACD: 2.71 | ATR: 1.95
  📊 Filled: 0 | Pending: 0
  💰 Daily P&L: $-800.00

[2026-08-19 11:16] O:7757.00 H:7758.50 L:7756.25 C:7758.00 V:2002.0
  📈 Trend: strong_bullish | 🌍 Regime: ranging
  🗺️  Grid: 0.100% | 🔺 7757.25 🔻 7753.75
  📡 RSI: 83.3 | MACD: 2.83 | ATR: 1.95
  📊 Filled: 0 | Pending: 0
  💰 Daily P&L: $-800.00

[2026-08-19 11:17] O:7758.25 H:7758.50 L:7757.00 C:7757.00 V:1311.0
  📈 Trend: strong_bullish | 🌍 Regime: ranging
  🗺️  Grid: 0.100% | 🔺 7758.50 🔻 7756.25
  📡 RSI: 76.0 | MACD: 2.81 | ATR: 1.95
  📊 Filled: 0 | Pending: 0
  💰 Daily P&L: $-800.00

[2026-08-19 11:18] O:7757.25 H:7759.50 L:7756.50 C:7759.25 V:1750.0
  📈 Trend: strong_bullish | 🌍 Regime: ranging
  🗺️  Grid: 0.100% | 🔺 7758.50 🔻 7757.00
  📡 RSI: 76.5 | MACD: 2.94 | ATR: 2.02
  📊 Filled: 0 | Pending: 0
  💰 Daily P&L: $-800.00

[2026-08-19 11:19] O:7759.50 H:7759.50 L:7757.75 C:7758.00 V:1632.0
  📈 Trend: strong_bullish | 🌍 Regime: ranging
  🗺️  Grid: 0.100% | 🔺 7759.50 🔻 7756.50
  📡 RSI: 69.6 | MACD: 2.91 | ATR: 2.04
  📊 Filled: 0 | Pending: 0
  💰 Daily P&L: $-800.00

[2026-08-19 11:20] O:7757.75 H:7758.00 L:7756.75 C:7757.00 V:1675.0
  📈 Trend: strong_bullish | 🌍 Regime: ranging
  🗺️  Grid: 0.100% | 🔺 7759.50 🔻 7757.75
  📡 RSI: 65.0 | MACD: 2.77 | ATR: 2.00
  📊 Filled: 0 | Pending: 0
  💰 Daily P&L: $-800.00

[2026-08-19 11:21] O:7756.75 H:7757.50 L:7754.75 C:7755.25 V:2025.0
  📈 Trend: strong_bullish | 🌍 Regime: ranging
  🗺️  Grid: 0.100% | 🔺 7758.00 🔻 7756.75
  📡 RSI: 51.7 | MACD: 2.50 | ATR: 1.96
  📊 Filled: 0 | Pending: 0
  💰 Daily P&L: $-800.00

[2026-08-19 11:22] O:7755.50 H:7755.50 L:7754.25 C:7754.75 V:1272.0
  📈 Trend: strong_bullish | 🌍 Regime: ranging
  🗺️  Grid: 0.100% | 🔺 7757.50 🔻 7754.75
  📡 RSI: 54.5 | MACD: 2.21 | ATR: 1.91
  📊 Filled: 0 | Pending: 0
  💰 Daily P&L: $-800.00

[2026-08-19 11:23] O:7754.75 H:7755.00 L:7754.00 C:7754.25 V:1259.0
  📈 Trend: strong_bullish | 🌍 Regime: ranging
  🗺️  Grid: 0.100% | 🔺 7755.50 🔻 7754.25
  📡 RSI: 48.1 | MACD: 1.92 | ATR: 1.86
  📊 Filled: 0 | Pending: 0
  💰 Daily P&L: $-800.00

[2026-08-19 11:24] O:7754.25 H:7754.75 L:7753.00 C:7753.75 V:1331.0
  📈 Trend: strong_bullish | 🌍 Regime: ranging
  🗺️  Grid: 0.100% | 🔺 7755.00 🔻 7754.00
  📡 RSI: 44.2 | MACD: 1.63 | ATR: 1.88
  📊 Filled: 0 | Pending: 0
  💰 Daily P&L: $-800.00

[2026-08-19 11:25] O:7753.75 H:7753.75 L:7751.25 C:7751.25 V:2718.0
  📈 Trend: strong_bullish (raw: moderate_bullish) | 🌍 Regime: ranging
  🗺️  Grid: 0.100% | 🔺 7754.75 🔻 7753.00
  📡 RSI: 36.1 | MACD: 1.19 | ATR: 1.91
  📊 Filled: 0 | Pending: 0
  💰 Daily P&L: $-800.00

[2026-08-19 11:26] O:7751.25 H:7752.50 L:7751.25 C:7751.50 V:1711.0
  📈 Trend: strong_bullish (raw: moderate_bullish) | 🌍 Regime: ranging
  🗺️  Grid: 0.100% | 🔺 7753.75 🔻 7751.25
  📡 RSI: 36.1 | MACD: 0.85 | ATR: 1.89
  📊 Filled: 0 | Pending: 0
  💰 Daily P&L: $-800.00

[2026-08-19 11:27] O:7751.50 H:7751.75 L:7749.50 C:7750.50 V:1532.0
  📈 Trend: moderate_bullish | 🌍 Regime: ranging
  🗺️  Grid: 0.100% | 🔺 7752.50 🔻 7751.25
  📡 RSI: 34.4 | MACD: 0.49 | ATR: 1.95
  📊 Filled: 0 | Pending: 0
  💰 Daily P&L: $-800.00

[2026-08-19 11:28] O:7750.25 H:7751.25 L:7747.25 C:7747.50 V:2398.0
  📈 Trend: moderate_bullish | 🌍 Regime: ranging
  🗺️  Grid: 0.100% | 🔺 7751.75 🔻 7749.50
  📡 RSI: 29.7 | MACD: -0.03 | ATR: 2.14
  📊 Filled: 0 | Pending: 0
  💰 Daily P&L: $-800.00

[2026-08-19 11:29] O:7747.50 H:7747.75 L:7745.75 C:7746.00 V:2344.0
  📈 Trend: moderate_bullish | 🌍 Regime: ranging
  🗺️  Grid: 0.100% | 🔺 7751.25 🔻 7747.25
  📡 RSI: 19.4 | MACD: -0.56 | ATR: 2.04
  📊 Filled: 0 | Pending: 0
  💰 Daily P&L: $-800.00

[2026-08-19 11:30] O:7746.00 H:7746.25 L:7743.50 C:7745.50 V:4131.0
  📈 Trend: moderate_bullish | 🌍 Regime: ranging
  🗺️  Grid: 0.100% | 🔺 7747.75 🔻 7745.75
  📡 RSI: 14.3 | MACD: -1.01 | ATR: 2.07
  📊 Filled: 0 | Pending: 0
  💰 Daily P&L: $-800.00

[2026-08-19 11:31] O:7745.25 H:7745.25 L:7744.00 C:7745.00 V:2074.0
  📈 Trend: moderate_bullish | 🌍 Regime: ranging
  🗺️  Grid: 0.100% | 🔺 7746.25 🔻 7743.50
  📡 RSI: 14.7 | MACD: -1.39 | ATR: 2.07
  📊 Filled: 0 | Pending: 0
  🟢 Pullback LONG | RSI 14.3→14.7 turning up in moderate_bullish
  📤 Limit BUY 1 @ 7746.50 submitted (ID: 284)
  📋 Order 284 status: PreSubmitted
  ✅ Fill: BOT 1.0 @ 7745.0
  📋 Order 284 status: Filled
  ⬆️ LONG ORDER @ 7746.50 | Size: 1.00 | SL: 7737.50 | TP: 7760.00 [1cts]
     Reason: Grid Long (moderate_bullish, RSI: 14.7)
  🔬 SHADOW [long trending]: 🟥 ROBUST WOULD BLOCK (1 filter)
       MACD=BLOCK (-1.39 vs -1.01, Δ-0.38) | 5m=PASS (1m=moderate_bullish, 5m=sideways)
     ⏳ Order 284 PENDING - awaiting fill confirmation
  💰 Daily P&L: $-800.00
  📤 Stop-Market SELL 1 @ 7737.00 submitted (ID: 285) [OCA:exit_284_1787157186]
  📋 Order 285 status: PreSubmitted
  📤 Limit SELL 1 @ 7755.75 submitted (ID: 286) [OCA:exit_284_1787157186]
  📋 Order 286 status: PreSubmitted
  ✅ FILL CONFIRMED: LONG @ 7745.00 (order 284)
     📊 Bracket placed: SL #285 @ 7737.00 | TP #286 @ 7755.75
     Trail activates @ +7.5 pts

[2026-08-19 11:32] O:7745.00 H:7746.00 L:7744.00 C:7744.50 V:1754.0
  📈 Trend: moderate_bullish | 🌍 Regime: ranging
  🗺️  Grid: 0.100% | 🔺 7745.25 🔻 7744.00
  📡 RSI: 1.6 | MACD: -1.72 | ATR: 2.00
  📊 Filled: 1 | Pending: 0
  📍 LONG @ 7745.00 | SL: 7737.00 | TP: 7755.75 | P&L: $-25.00
  💰 Daily P&L: $-800.00
  📋 Order 286 status: Submitted

[2026-08-19 11:33] O:7744.75 H:7746.75 L:7744.50 C:7746.25 V:1938.0
  📈 Trend: moderate_bullish | 🌍 Regime: ranging
  🗺️  Grid: 0.100% | 🔺 7746.00 🔻 7744.00
  📡 RSI: 12.7 | MACD: -1.81 | ATR: 2.04
  📊 Filled: 1 | Pending: 0
  📍 LONG @ 7745.00 | SL: 7737.00 | TP: 7755.75 | P&L: $+62.50
  💰 Daily P&L: $-800.00

[2026-08-19 11:34] O:7746.25 H:7747.00 L:7745.00 C:7746.75 V:1651.0
  📈 Trend: moderate_bullish | 🌍 Regime: ranging
  🗺️  Grid: 0.100% | 🔺 7746.75 🔻 7744.50
  📡 RSI: 16.4 | MACD: -1.82 | ATR: 2.09
  📊 Filled: 1 | Pending: 0
  📍 LONG @ 7745.00 | SL: 7737.00 | TP: 7755.75 | P&L: $+87.50
  💰 Daily P&L: $-800.00

[2026-08-19 11:35] O:7746.50 H:7746.75 L:7742.50 C:7743.00 V:2027.0
  📈 Trend: moderate_bullish | 🌍 Regime: ranging
  🗺️  Grid: 0.100% | 🔺 7747.00 🔻 7745.00
  📡 RSI: 14.5 | MACD: -2.11 | ATR: 2.20
  📊 Filled: 1 | Pending: 0
  📍 LONG @ 7745.00 | SL: 7737.00 | TP: 7755.75 | P&L: $-100.00
  💰 Daily P&L: $-800.00

[2026-08-19 11:36] O:7742.75 H:7743.50 L:7742.00 C:7742.75 V:1535.0
  📈 Trend: moderate_bullish | 🌍 Regime: ranging
  🗺️  Grid: 0.100% | 🔺 7746.75 🔻 7742.50
  📡 RSI: 14.7 | MACD: -2.33 | ATR: 2.21
  📊 Filled: 1 | Pending: 0
  📍 LONG @ 7745.00 | SL: 7737.00 | TP: 7755.75 | P&L: $-112.50
  💰 Daily P&L: $-800.00

[2026-08-19 11:37] O:7742.75 H:7744.75 L:7742.75 C:7743.50 V:1153.0
  📈 Trend: moderate_bullish | 🌍 Regime: ranging
  🗺️  Grid: 0.100% | 🔺 7743.50 🔻 7742.00
  📡 RSI: 18.8 | MACD: -2.42 | ATR: 2.29
  📊 Filled: 1 | Pending: 0
  📍 LONG @ 7745.00 | SL: 7737.00 | TP: 7755.75 | P&L: $-75.00
  💰 Daily P&L: $-800.00

[2026-08-19 11:38] O:7743.50 H:7745.25 L:7743.50 C:7744.75 V:1081.0
  📈 Trend: moderate_bullish (raw: strong_bearish) | 🌍 Regime: ranging
  🗺️  Grid: 0.100% | 🔺 7744.75 🔻 7742.75
  📡 RSI: 25.0 | MACD: -2.36 | ATR: 2.29
  📊 Filled: 1 | Pending: 0
  📍 LONG @ 7745.00 | SL: 7737.00 | TP: 7755.75 | P&L: $-12.50
  💰 Daily P&L: $-800.00

[2026-08-19 11:39] O:7744.50 H:7746.50 L:7744.25 C:7744.50 V:1297.0
  📈 Trend: moderate_bullish (raw: strong_bearish) | 🌍 Regime: ranging
  🗺️  Grid: 0.100% | 🔺 7745.25 🔻 7743.50
  📡 RSI: 28.6 | MACD: -2.31 | ATR: 2.27
  📊 Filled: 1 | Pending: 0
  📍 LONG @ 7745.00 | SL: 7737.00 | TP: 7755.75 | P&L: $-25.00
  💰 Daily P&L: $-800.00

[2026-08-19 11:40] O:7744.50 H:7744.75 L:7743.00 C:7743.50 V:1225.0
  📈 Trend: strong_bearish | 🌍 Regime: ranging
  🗺️  Grid: 0.100% | 🔺 7746.50 🔻 7744.25
  📡 RSI: 25.8 | MACD: -2.32 | ATR: 2.30
  📊 Filled: 1 | Pending: 0
  📍 LONG @ 7745.00 | SL: 7737.00 | TP: 7755.75 | P&L: $-75.00
  💰 Daily P&L: $-800.00

[2026-08-19 11:41] O:7743.50 H:7744.25 L:7742.00 C:7744.00 V:1352.0
  📈 Trend: strong_bearish | 🌍 Regime: ranging
  🗺️  Grid: 0.100% | 🔺 7744.75 🔻 7743.00
  📡 RSI: 29.7 | MACD: -2.26 | ATR: 2.30
  📊 Filled: 1 | Pending: 0
  📍 LONG @ 7745.00 | SL: 7737.00 | TP: 7755.75 | P&L: $-50.00
  💰 Daily P&L: $-800.00

[2026-08-19 11:42] O:7744.00 H:7744.25 L:7741.75 C:7742.25 V:1132.0
  📈 Trend: strong_bearish | 🌍 Regime: ranging
  🗺️  Grid: 0.100% | 🔺 7744.25 🔻 7742.00
  📡 RSI: 32.2 | MACD: -2.33 | ATR: 2.20
  📊 Filled: 1 | Pending: 0
  📍 LONG @ 7745.00 | SL: 7737.00 | TP: 7755.75 | P&L: $-137.50
  💰 Daily P&L: $-800.00

[2026-08-19 11:43] O:7742.25 H:7743.00 L:7741.75 C:7742.50 V:1550.0
  📈 Trend: strong_bearish | 🌍 Regime: ranging
  🗺️  Grid: 0.100% | 🔺 7744.25 🔻 7741.75
  📡 RSI: 37.0 | MACD: -2.34 | ATR: 2.14
  📊 Filled: 1 | Pending: 0
  📍 LONG @ 7745.00 | SL: 7737.00 | TP: 7755.75 | P&L: $-125.00
  💰 Daily P&L: $-800.00

[2026-08-19 11:44] O:7742.75 H:7744.25 L:7742.50 C:7743.25 V:1143.0
  📈 Trend: strong_bearish | 🌍 Regime: ranging
  🗺️  Grid: 0.100% | 🔺 7743.00 🔻 7741.75
  📡 RSI: 41.8 | MACD: -2.26 | ATR: 2.07
  📊 Filled: 1 | Pending: 0
  📍 LONG @ 7745.00 | SL: 7737.00 | TP: 7755.75 | P&L: $-87.50
  💰 Daily P&L: $-800.00

[2026-08-19 11:45] O:7743.00 H:7743.25 L:7741.75 C:7741.75 V:1079.0
  📈 Trend: strong_bearish | 🌍 Regime: ranging
  🗺️  Grid: 0.100% | 🔺 7744.25 🔻 7742.50
  📡 RSI: 39.0 | MACD: -2.29 | ATR: 2.07
  📊 Filled: 1 | Pending: 0
  📍 LONG @ 7745.00 | SL: 7737.00 | TP: 7755.75 | P&L: $-162.50
  💰 Daily P&L: $-800.00

[2026-08-19 11:46] O:7741.75 H:7743.25 L:7741.75 C:7742.00 V:1681.0
  📈 Trend: strong_bearish | 🌍 Regime: ranging
  🗺️  Grid: 0.100% | 🔺 7743.25 🔻 7741.75
  📡 RSI: 41.4 | MACD: -2.27 | ATR: 2.04
  📊 Filled: 1 | Pending: 0
  📍 LONG @ 7745.00 | SL: 7737.00 | TP: 7755.75 | P&L: $-150.00
  💰 Daily P&L: $-800.00

[2026-08-19 11:47] O:7742.00 H:7743.50 L:7742.00 C:7742.75 V:1113.0
  📈 Trend: strong_bearish (raw: moderate_bearish) | 🌍 Regime: ranging
  🗺️  Grid: 0.100% | 🔺 7743.25 🔻 7741.75
  📡 RSI: 37.0 | MACD: -2.16 | ATR: 1.98
  📊 Filled: 1 | Pending: 0
  📍 LONG @ 7745.00 | SL: 7737.00 | TP: 7755.75 | P&L: $-112.50
  💰 Daily P&L: $-800.00

[2026-08-19 11:48] O:7742.50 H:7743.75 L:7742.25 C:7742.50 V:1651.0
  📈 Trend: strong_bearish (raw: moderate_bearish) | 🌍 Regime: ranging
  🗺️  Grid: 0.100% | 🔺 7743.50 🔻 7742.00
  📡 RSI: 34.0 | MACD: -2.08 | ATR: 1.95
  📊 Filled: 1 | Pending: 0
  📍 LONG @ 7745.00 | SL: 7737.00 | TP: 7755.75 | P&L: $-125.00
  💰 Daily P&L: $-800.00

[2026-08-19 11:49] O:7742.50 H:7742.50 L:7740.25 C:7741.00 V:2080.0
  📈 Trend: moderate_bearish | 🌍 Regime: ranging
  🗺️  Grid: 0.100% | 🔺 7743.75 🔻 7742.25
  📡 RSI: 40.9 | MACD: -2.11 | ATR: 1.80
  📊 Filled: 1 | Pending: 0
  📍 LONG @ 7745.00 | SL: 7737.00 | TP: 7755.75 | P&L: $-200.00
  💰 Daily P&L: $-800.00

[2026-08-19 11:50] O:7741.00 H:7741.00 L:7738.50 C:7738.75 V:2861.0
  📈 Trend: moderate_bearish (raw: strong_bearish) | 🌍 Regime: ranging
  🗺️  Grid: 0.100% | 🔺 7742.50 🔻 7740.25
  📡 RSI: 34.6 | MACD: -2.29 | ATR: 1.88
  📊 Filled: 1 | Pending: 0
  📍 LONG @ 7745.00 | SL: 7737.00 | TP: 7755.75 | P&L: $-312.50
  💰 Daily P&L: $-800.00

[2026-08-19 11:51] O:7739.00 H:7739.50 L:7737.75 C:7739.25 V:3027.0
  📈 Trend: moderate_bearish (raw: strong_bearish) | 🌍 Regime: ranging
  🗺️  Grid: 0.100% | 🔺 7741.00 🔻 7738.50
  📡 RSI: 33.3 | MACD: -2.36 | ATR: 1.86
  📊 Filled: 1 | Pending: 0
  📍 LONG @ 7745.00 | SL: 7737.00 | TP: 7755.75 | P&L: $-287.50
  💰 Daily P&L: $-800.00

[2026-08-19 11:52] O:7739.25 H:7739.75 L:7738.25 C:7739.50 V:2141.0
  📈 Trend: strong_bearish | 🌍 Regime: ranging
  🗺️  Grid: 0.100% | 🔺 7739.50 🔻 7737.75
  📡 RSI: 27.7 | MACD: -2.37 | ATR: 1.84
  📊 Filled: 1 | Pending: 0
  📍 LONG @ 7745.00 | SL: 7737.00 | TP: 7755.75 | P&L: $-275.00
  💰 Daily P&L: $-800.00
  📋 Order 286 status: PreSubmitted
  📋 Order 286 status: PendingCancel
  ✅ Fill: SLD 1.0 @ 7737.0
  📋 Order 285 status: Filled
  📋 Order 286 status: PendingCancel
  🛡️ OCA backup: cancelling sibling order 286 immediately after 285 filled
  📋 Order 286 status: Cancelled

[2026-08-19 11:53] O:7739.50 H:7739.75 L:7736.75 C:7737.00 V:2203.0
  📈 Trend: strong_bearish | 🌍 Regime: ranging
  🗺️  Grid: 0.100% | 🔺 7739.75 🔻 7738.25
  📡 RSI: 23.2 | MACD: -2.55 | ATR: 1.89
  📊 Filled: 1 | Pending: 0
  📍 LONG @ 7745.00 | SL: 7737.00 | TP: 7755.75 | P&L: $-400.00
  ❌ EXIT LONG @ 7737.00 | Stop Loss
     P&L: -8.00 pts ($-400.00) | Daily: $-1,200.00
  ⏸️ Cooldown: 2 bar(s) remaining after exit
  💰 Daily P&L: $-1,200.00

[2026-08-19 11:54] O:7737.00 H:7738.25 L:7736.50 C:7738.00 V:2053.0
  📈 Trend: strong_bearish | 🌍 Regime: ranging
  🗺️  Grid: 0.100% | 🔺 7739.75 🔻 7736.75
  📡 RSI: 30.4 | MACD: -2.58 | ATR: 1.89
  📊 Filled: 0 | Pending: 0
  ⏸️ Cooldown: 1 bar(s) remaining after exit
  💰 Daily P&L: $-1,200.00

[2026-08-19 11:55] O:7737.75 H:7737.75 L:7736.00 C:7737.00 V:1819.0
  📈 Trend: strong_bearish | 🌍 Regime: ranging
  🗺️  Grid: 0.100% | 🔺 7738.25 🔻 7736.50
  📡 RSI: 25.9 | MACD: -2.66 | ATR: 1.88
  📊 Filled: 0 | Pending: 0
  💰 Daily P&L: $-1,200.00

[2026-08-19 11:56] O:7737.00 H:7737.50 L:7735.75 C:7736.25 V:1598.0
  📈 Trend: strong_bearish | 🌍 Regime: ranging
  🗺️  Grid: 0.100% | 🔺 7737.75 🔻 7736.00
  📡 RSI: 27.8 | MACD: -2.75 | ATR: 1.82
  📊 Filled: 0 | Pending: 0
  💰 Daily P&L: $-1,200.00

[2026-08-19 11:57] O:7736.25 H:7736.75 L:7734.25 C:7734.50 V:2646.0
  📈 Trend: strong_bearish | 🌍 Regime: ranging
  🗺️  Grid: 0.100% | 🔺 7737.50 🔻 7735.75
  📡 RSI: 23.3 | MACD: -2.93 | ATR: 1.91
  📊 Filled: 0 | Pending: 0
  💰 Daily P&L: $-1,200.00

[2026-08-19 11:58] O:7734.50 H:7736.25 L:7734.25 C:7735.75 V:1619.0
  📈 Trend: strong_bearish | 🌍 Regime: ranging
  🗺️  Grid: 0.100% | 🔺 7736.75 🔻 7734.25
  📡 RSI: 25.8 | MACD: -2.93 | ATR: 1.93
  📊 Filled: 0 | Pending: 0
  💰 Daily P&L: $-1,200.00

[2026-08-19 11:59] O:7735.75 H:7737.50 L:7735.25 C:7736.00 V:1292.0
  📈 Trend: strong_bearish | 🌍 Regime: ranging
  🗺️  Grid: 0.100% | 🔺 7736.25 🔻 7734.25
  📡 RSI: 29.8 | MACD: -2.89 | ATR: 1.98
  📊 Filled: 0 | Pending: 0
  💰 Daily P&L: $-1,200.00

[2026-08-19 12:00] O:7736.00 H:7738.75 L:7735.25 C:7738.75 V:2061.0
  📈 Trend: strong_bearish (raw: moderate_bearish) | 🌍 Regime: ranging
  🗺️  Grid: 0.100% | 🔺 7737.50 🔻 7735.25
  📡 RSI: 40.3 | MACD: -2.60 | ATR: 2.12
  📊 Filled: 0 | Pending: 0
  💰 Daily P&L: $-1,200.00

[2026-08-19 12:01] O:7738.50 H:7739.00 L:7737.50 C:7738.50 V:1216.0
  📈 Trend: strong_bearish (raw: moderate_bearish) | 🌍 Regime: ranging
  🗺️  Grid: 0.100% | 🔺 7738.75 🔻 7735.25
  📡 RSI: 36.9 | MACD: -2.36 | ATR: 2.12
  📊 Filled: 0 | Pending: 0
  💰 Daily P&L: $-1,200.00

[2026-08-19 12:02] O:7738.25 H:7740.50 L:7738.00 C:7738.50 V:2237.0
  📈 Trend: strong_bearish | 🌍 Regime: ranging
  🗺️  Grid: 0.100% | 🔺 7739.00 🔻 7737.50
  📡 RSI: 37.5 | MACD: -2.15 | ATR: 2.20
  📊 Filled: 0 | Pending: 0
  💰 Daily P&L: $-1,200.00

[2026-08-19 12:03] O:7738.50 H:7739.00 L:7736.50 C:7738.75 V:1744.0
  📈 Trend: strong_bearish | 🌍 Regime: ranging
  🗺️  Grid: 0.100% | 🔺 7740.50 🔻 7738.00
  📡 RSI: 42.4 | MACD: -1.94 | ATR: 2.21
  📊 Filled: 0 | Pending: 0
  💰 Daily P&L: $-1,200.00

[2026-08-19 12:04] O:7738.50 H:7739.00 L:7737.75 C:7738.50 V:1392.0
  📈 Trend: strong_bearish | 🌍 Regime: ranging
  🗺️  Grid: 0.100% | 🔺 7739.00 🔻 7736.50
  📡 RSI: 49.0 | MACD: -1.77 | ATR: 2.12
  📊 Filled: 0 | Pending: 0
  💰 Daily P&L: $-1,200.00

[2026-08-19 12:05] O:7738.50 H:7741.50 L:7738.50 C:7741.00 V:1605.0
  📈 Trend: strong_bearish | 🌍 Regime: ranging
  🗺️  Grid: 0.100% | 🔺 7739.00 🔻 7737.75
  📡 RSI: 55.9 | MACD: -1.42 | ATR: 2.21
  📊 Filled: 0 | Pending: 0
  💰 Daily P&L: $-1,200.00

[2026-08-19 12:06] O:7741.00 H:7741.25 L:7738.25 C:7739.00 V:1637.0
  📈 Trend: strong_bearish | 🌍 Regime: ranging
  🗺️  Grid: 0.100% | 🔺 7741.50 🔻 7738.50
  📡 RSI: 48.5 | MACD: -1.29 | ATR: 2.32
  📊 Filled: 0 | Pending: 0
  💰 Daily P&L: $-1,200.00

[2026-08-19 12:07] O:7739.00 H:7739.00 L:7736.50 C:7736.50 V:1767.0
  📈 Trend: strong_bearish | 🌍 Regime: ranging
  🗺️  Grid: 0.100% | 🔺 7741.25 🔻 7738.25
  📡 RSI: 48.5 | MACD: -1.37 | ATR: 2.29
  📊 Filled: 0 | Pending: 0
  💰 Daily P&L: $-1,200.00

[2026-08-19 12:08] O:7736.75 H:7738.00 L:7735.00 C:7735.25 V:2017.0
  📈 Trend: strong_bearish | 🌍 Regime: ranging
  🗺️  Grid: 0.100% | 🔺 7739.00 🔻 7736.50
  📡 RSI: 41.8 | MACD: -1.52 | ATR: 2.38
  📊 Filled: 0 | Pending: 0
  💰 Daily P&L: $-1,200.00

[2026-08-19 12:09] O:7735.50 H:7736.00 L:7733.75 C:7734.25 V:1989.0
  📈 Trend: strong_bearish | 🌍 Regime: ranging
  🗺️  Grid: 0.100% | 🔺 7738.00 🔻 7735.00
  📡 RSI: 41.8 | MACD: -1.70 | ATR: 2.39
  📊 Filled: 0 | Pending: 0
  💰 Daily P&L: $-1,200.00

[2026-08-19 12:10] O:7734.25 H:7737.00 L:7734.25 C:7736.25 V:1997.0
  📈 Trend: strong_bearish | 🌍 Regime: ranging
  🗺️  Grid: 0.100% | 🔺 7736.00 🔻 7733.75
  📡 RSI: 50.0 | MACD: -1.66 | ATR: 2.46
  📊 Filled: 0 | Pending: 0
  💰 Daily P&L: $-1,200.00

[2026-08-19 12:11] O:7736.25 H:7737.00 L:7735.50 C:7736.25 V:1347.0
  📈 Trend: strong_bearish | 🌍 Regime: ranging
  🗺️  Grid: 0.100% | 🔺 7737.00 🔻 7734.25
  📡 RSI: 55.4 | MACD: -1.61 | ATR: 2.39
  📊 Filled: 0 | Pending: 0
  💰 Daily P&L: $-1,200.00

[2026-08-19 12:12] O:7736.25 H:7739.00 L:7736.00 C:7739.00 V:1334.0
  📈 Trend: strong_bearish (raw: moderate_bearish) | 🌍 Regime: ranging
  🗺️  Grid: 0.100% | 🔺 7737.00 🔻 7735.50
  📡 RSI: 59.2 | MACD: -1.33 | ATR: 2.46
  📊 Filled: 0 | Pending: 0
  💰 Daily P&L: $-1,200.00

[2026-08-19 12:13] O:7738.75 H:7740.00 L:7738.25 C:7738.25 V:1413.0
  📈 Trend: strong_bearish (raw: moderate_bearish) | 🌍 Regime: ranging
  🗺️  Grid: 0.100% | 🔺 7739.00 🔻 7736.00
  📡 RSI: 56.2 | MACD: -1.16 | ATR: 2.43
  📊 Filled: 0 | Pending: 0
  💰 Daily P&L: $-1,200.00

[2026-08-19 12:14] O:7738.00 H:7739.00 L:7737.75 C:7737.75 V:1074.0
  📈 Trend: moderate_bearish | 🌍 Regime: ranging
  🗺️  Grid: 0.100% | 🔺 7740.00 🔻 7738.25
  📡 RSI: 46.9 | MACD: -1.05 | ATR: 2.27
  📊 Filled: 0 | Pending: 0
  💰 Daily P&L: $-1,200.00

[2026-08-19 12:15] O:7737.50 H:7738.25 L:7737.25 C:7737.50 V:1213.0
  📈 Trend: moderate_bearish | 🌍 Regime: ranging
  🗺️  Grid: 0.100% | 🔺 7739.00 🔻 7737.75
  📡 RSI: 46.9 | MACD: -0.97 | ATR: 2.23
  📊 Filled: 0 | Pending: 0
  💰 Daily P&L: $-1,200.00

[2026-08-19 12:16] O:7737.25 H:7738.75 L:7737.00 C:7738.25 V:945.0
  📈 Trend: moderate_bearish | 🌍 Regime: ranging
  🗺️  Grid: 0.100% | 🔺 7738.25 🔻 7737.25
  📡 RSI: 49.3 | MACD: -0.84 | ATR: 2.18
  📊 Filled: 0 | Pending: 0
  💰 Daily P&L: $-1,200.00

[2026-08-19 12:17] O:7738.50 H:7739.25 L:7737.75 C:7738.00 V:956.0
  📈 Trend: moderate_bearish | 🌍 Regime: ranging
  🗺️  Grid: 0.100% | 🔺 7738.75 🔻 7737.00
  📡 RSI: 47.8 | MACD: -0.75 | ATR: 2.11
  📊 Filled: 0 | Pending: 0
  💰 Daily P&L: $-1,200.00

[2026-08-19 12:18] O:7738.00 H:7738.50 L:7734.75 C:7735.25 V:1304.0
  📈 Trend: moderate_bearish (raw: strong_bearish) | 🌍 Regime: ranging
  🗺️  Grid: 0.100% | 🔺 7739.25 🔻 7737.75
  📡 RSI: 41.6 | MACD: -0.89 | ATR: 2.29
  📊 Filled: 0 | Pending: 0
  💰 Daily P&L: $-1,200.00

[2026-08-19 12:19] O:7735.25 H:7735.50 L:7733.75 C:7733.75 V:2935.0
  📈 Trend: moderate_bearish (raw: strong_bearish) | 🌍 Regime: ranging
  🗺️  Grid: 0.100% | 🔺 7738.50 🔻 7734.75
  📡 RSI: 30.1 | MACD: -1.11 | ATR: 2.20
  📊 Filled: 0 | Pending: 0
  💰 Daily P&L: $-1,200.00

[2026-08-19 12:20] O:7734.00 H:7734.50 L:7732.50 C:7733.25 V:2360.0
  📈 Trend: strong_bearish | 🌍 Regime: ranging
  🗺️  Grid: 0.100% | 🔺 7735.50 🔻 7733.75
  📡 RSI: 32.8 | MACD: -1.31 | ATR: 2.12
  📊 Filled: 0 | Pending: 0
  💰 Daily P&L: $-1,200.00

[2026-08-19 12:21] O:7733.00 H:7733.00 L:7730.25 C:7730.25 V:2701.0
  📈 Trend: strong_bearish | 🌍 Regime: ranging
  🗺️  Grid: 0.100% | 🔺 7734.50 🔻 7732.50
  📡 RSI: 31.9 | MACD: -1.69 | ATR: 2.16
  📊 Filled: 0 | Pending: 0
  💰 Daily P&L: $-1,200.00

[2026-08-19 12:22] O:7730.25 H:7731.50 L:7729.75 C:7731.00 V:2431.0
  📈 Trend: strong_bearish | 🌍 Regime: ranging
  🗺️  Grid: 0.100% | 🔺 7733.00 🔻 7730.25
  📡 RSI: 37.3 | MACD: -1.90 | ATR: 2.07
  📊 Filled: 0 | Pending: 0
  💰 Daily P&L: $-1,200.00

[2026-08-19 12:23] O:7731.25 H:7733.75 L:7731.00 C:7732.75 V:2053.0
  📈 Trend: strong_bearish | 🌍 Regime: ranging
  🗺️  Grid: 0.100% | 🔺 7731.50 🔻 7729.75
  📡 RSI: 45.7 | MACD: -1.91 | ATR: 2.11
  📊 Filled: 0 | Pending: 0
  💰 Daily P&L: $-1,200.00

[2026-08-19 12:24] O:7732.75 H:7733.00 L:7731.50 C:7732.25 V:1628.0
  📈 Trend: strong_bearish | 🌍 Regime: ranging
  🗺️  Grid: 0.100% | 🔺 7733.75 🔻 7731.00
  📡 RSI: 37.5 | MACD: -1.94 | ATR: 2.02
  📊 Filled: 0 | Pending: 0
  💰 Daily P&L: $-1,200.00

[2026-08-19 12:25] O:7732.25 H:7733.25 L:7731.50 C:7731.75 V:1479.0
  📈 Trend: strong_bearish | 🌍 Regime: ranging
  🗺️  Grid: 0.100% | 🔺 7733.00 🔻 7731.50
  📡 RSI: 36.4 | MACD: -1.98 | ATR: 2.04
  📊 Filled: 0 | Pending: 0
  💰 Daily P&L: $-1,200.00

[2026-08-19 12:26] O:7731.75 H:7734.25 L:7731.50 C:7734.00 V:1443.0
  📈 Trend: strong_bearish | 🌍 Regime: ranging
  🗺️  Grid: 0.100% | 🔺 7733.25 🔻 7731.50
  📡 RSI: 34.4 | MACD: -1.80 | ATR: 2.02
  📊 Filled: 0 | Pending: 0
  💰 Daily P&L: $-1,200.00

[2026-08-19 12:27] O:7734.00 H:7734.00 L:7732.75 C:7733.50 V:1538.0
  📈 Trend: strong_bearish | 🌍 Regime: ranging
  🗺️  Grid: 0.100% | 🔺 7734.25 🔻 7731.50
  📡 RSI: 34.9 | MACD: -1.69 | ATR: 1.98
  📊 Filled: 0 | Pending: 0
  💰 Daily P&L: $-1,200.00

[2026-08-19 12:28] O:7733.75 H:7735.75 L:7733.50 C:7735.75 V:2138.0
  📈 Trend: strong_bearish (raw: moderate_bearish) | 🌍 Regime: ranging
  🗺️  Grid: 0.100% | 🔺 7734.00 🔻 7732.75
  📡 RSI: 44.3 | MACD: -1.40 | ATR: 2.05
  📊 Filled: 0 | Pending: 0
  💰 Daily P&L: $-1,200.00

[2026-08-19 12:29] O:7736.00 H:7736.00 L:7734.50 C:7735.00 V:1704.0
  📈 Trend: strong_bearish | 🌍 Regime: ranging
  🗺️  Grid: 0.100% | 🔺 7735.75 🔻 7733.50
  📡 RSI: 43.1 | MACD: -1.22 | ATR: 2.09
  📊 Filled: 0 | Pending: 0
  💰 Daily P&L: $-1,200.00

[2026-08-19 12:30] O:7734.75 H:7736.00 L:7733.50 C:7735.50 V:2290.0
  📈 Trend: strong_bearish | 🌍 Regime: ranging
  🗺️  Grid: 0.100% | 🔺 7736.00 🔻 7734.50
  📡 RSI: 42.3 | MACD: -1.02 | ATR: 2.14
  📊 Filled: 0 | Pending: 0
  💰 Daily P&L: $-1,200.00

[2026-08-19 12:31] O:7735.50 H:7735.50 L:7732.75 C:7733.00 V:1448.0
  📈 Trend: strong_bearish | 🌍 Regime: ranging
  🗺️  Grid: 0.100% | 🔺 7736.00 🔻 7733.50
  📡 RSI: 37.5 | MACD: -1.05 | ATR: 2.23
  📊 Filled: 0 | Pending: 0
  💰 Daily P&L: $-1,200.00

[2026-08-19 12:32] O:7732.75 H:7733.25 L:7731.25 C:7731.75 V:1803.0
  📈 Trend: strong_bearish | 🌍 Regime: ranging
  🗺️  Grid: 0.100% | 🔺 7735.50 🔻 7732.75
  📡 RSI: 40.5 | MACD: -1.17 | ATR: 2.11
  📊 Filled: 0 | Pending: 0
  💰 Daily P&L: $-1,200.00

[2026-08-19 12:33] O:7731.50 H:7733.25 L:7731.25 C:7732.25 V:1387.0
  📈 Trend: strong_bearish | 🌍 Regime: ranging
  🗺️  Grid: 0.100% | 🔺 7733.25 🔻 7731.25
  📡 RSI: 45.7 | MACD: -1.20 | ATR: 2.12
  📊 Filled: 0 | Pending: 0
  💰 Daily P&L: $-1,200.00

[2026-08-19 12:34] O:7732.50 H:7733.50 L:7731.50 C:7731.50 V:1340.0
  📈 Trend: strong_bearish | 🌍 Regime: ranging
  🗺️  Grid: 0.100% | 🔺 7733.25 🔻 7731.25
  📡 RSI: 45.1 | MACD: -1.28 | ATR: 2.12
  📊 Filled: 0 | Pending: 0
  💰 Daily P&L: $-1,200.00

[2026-08-19 12:35] O:7731.25 H:7732.75 L:7730.75 C:7732.75 V:2155.0
  📈 Trend: strong_bearish | 🌍 Regime: ranging
  🗺️  Grid: 0.100% | 🔺 7733.50 🔻 7731.50
  📡 RSI: 57.8 | MACD: -1.22 | ATR: 2.05
  📊 Filled: 0 | Pending: 0
  💰 Daily P&L: $-1,200.00

[2026-08-19 12:36] O:7733.00 H:7734.25 L:7732.25 C:7734.25 V:1598.0
  📈 Trend: strong_bearish | 🌍 Regime: ranging
  🗺️  Grid: 0.100% | 🔺 7732.75 🔻 7730.75
  📡 RSI: 59.7 | MACD: -1.04 | ATR: 2.07
  📊 Filled: 0 | Pending: 0
  💰 Daily P&L: $-1,200.00

[2026-08-19 12:37] O:7734.00 H:7734.25 L:7731.75 C:7732.00 V:1169.0
  📈 Trend: strong_bearish | 🌍 Regime: ranging
  🗺️  Grid: 0.100% | 🔺 7734.25 🔻 7732.25
  📡 RSI: 47.8 | MACD: -1.07 | ATR: 2.05
  📊 Filled: 0 | Pending: 0
  💰 Daily P&L: $-1,200.00

[2026-08-19 12:38] O:7732.00 H:7733.00 L:7732.00 C:7732.50 V:942.0
  📈 Trend: strong_bearish | 🌍 Regime: ranging
  🗺️  Grid: 0.100% | 🔺 7734.25 🔻 7731.75
  📡 RSI: 50.7 | MACD: -1.04 | ATR: 2.02
  📊 Filled: 0 | Pending: 0
  💰 Daily P&L: $-1,200.00

[2026-08-19 12:39] O:7732.25 H:7733.00 L:7731.50 C:7731.75 V:971.0
  📈 Trend: strong_bearish | 🌍 Regime: ranging
  🗺️  Grid: 0.100% | 🔺 7733.00 🔻 7732.00
  📡 RSI: 50.0 | MACD: -1.07 | ATR: 2.00
  📊 Filled: 0 | Pending: 0
  💰 Daily P&L: $-1,200.00

[2026-08-19 12:40] O:7732.00 H:7733.50 L:7731.50 C:7732.75 V:1020.0
  📈 Trend: strong_bearish (raw: moderate_bearish) | 🌍 Regime: ranging
  🗺️  Grid: 0.100% | 🔺 7733.00 🔻 7731.50
  📡 RSI: 46.2 | MACD: -1.00 | ATR: 1.95
  📊 Filled: 0 | Pending: 0
  💰 Daily P&L: $-1,200.00

[2026-08-19 12:41] O:7732.50 H:7734.00 L:7732.00 C:7734.00 V:991.0
  📈 Trend: strong_bearish (raw: moderate_bearish) | 🌍 Regime: ranging
  🗺️  Grid: 0.100% | 🔺 7733.50 🔻 7731.50
  📡 RSI: 51.5 | MACD: -0.83 | ATR: 2.00
  📊 Filled: 0 | Pending: 0
  💰 Daily P&L: $-1,200.00

[2026-08-19 12:42] O:7733.75 H:7737.00 L:7733.75 C:7735.75 V:2452.0
  📈 Trend: moderate_bearish | 🌍 Regime: ranging
  🗺️  Grid: 0.100% | 🔺 7734.00 🔻 7732.00
  📡 RSI: 50.0 | MACD: -0.55 | ATR: 2.07
  📊 Filled: 0 | Pending: 0
  💰 Daily P&L: $-1,200.00

[2026-08-19 12:43] O:7735.75 H:7736.25 L:7734.50 C:7735.75 V:1392.0
  📈 Trend: moderate_bearish | 🌍 Regime: ranging
  🗺️  Grid: 0.100% | 🔺 7737.00 🔻 7733.75
  📡 RSI: 52.4 | MACD: -0.32 | ATR: 2.09
  📊 Filled: 0 | Pending: 0
  💰 Daily P&L: $-1,200.00

[2026-08-19 12:44] O:7735.75 H:7736.00 L:7734.75 C:7735.00 V:854.0
  📈 Trend: moderate_bearish | 🌍 Regime: ranging
  🗺️  Grid: 0.100% | 🔺 7736.25 🔻 7734.50
  📡 RSI: 48.4 | MACD: -0.20 | ATR: 2.00
  📊 Filled: 0 | Pending: 0
  💰 Daily P&L: $-1,200.00

[2026-08-19 12:45] O:7735.00 H:7737.00 L:7735.00 C:7736.50 V:1299.0
  📈 Trend: moderate_bearish (raw: moderate_bullish) | 🌍 Regime: ranging
  🗺️  Grid: 0.100% | 🔺 7736.00 🔻 7734.75
  📡 RSI: 61.7 | MACD: 0.02 | ATR: 1.95
  📊 Filled: 0 | Pending: 0
  💰 Daily P&L: $-1,200.00

[2026-08-19 12:46] O:7736.50 H:7737.25 L:7735.50 C:7736.25 V:1054.0
  📈 Trend: moderate_bearish (raw: moderate_bullish) | 🌍 Regime: ranging
  🗺️  Grid: 0.100% | 🔺 7737.00 🔻 7735.00
  📡 RSI: 66.1 | MACD: 0.17 | ATR: 1.93
  📊 Filled: 0 | Pending: 0
  💰 Daily P&L: $-1,200.00

[2026-08-19 12:47] O:7736.00 H:7736.50 L:7735.25 C:7735.50 V:910.0
  📈 Trend: moderate_bearish (raw: strong_bearish) | 🌍 Regime: ranging
  🗺️  Grid: 0.100% | 🔺 7737.25 🔻 7735.50
  📡 RSI: 61.4 | MACD: 0.22 | ATR: 1.88
  📊 Filled: 0 | Pending: 0
  🔴 Pullback SHORT | RSI 66.1→61.4 turning down in moderate_bearish
  📤 Limit SELL 1 @ 7734.00 submitted (ID: 287)
  📋 Order 287 status: PreSubmitted
  ✅ Fill: SLD 1.0 @ 7735.0
  📋 Order 287 status: Filled
  ⬇️ SHORT ORDER @ 7734.00 | Size: 1.00 | SL: 7743.00 | TP: 7720.50 [1cts]
     Reason: Grid Short (moderate_bearish, RSI: 61.4)
  🔬 SHADOW [short trending]: 🟥 ROBUST WOULD BLOCK (1 filter)
       MACD=BLOCK (+0.22 vs +0.17, Δ+0.06) | 5m=PASS (1m=moderate_bearish, 5m=sideways)
     ⏳ Order 287 PENDING - awaiting fill confirmation
  💰 Daily P&L: $-1,200.00
  📤 Stop-Market BUY 1 @ 7743.00 submitted (ID: 288) [OCA:exit_287_1787161746]
  📋 Order 288 status: PreSubmitted
  📤 Limit BUY 1 @ 7724.25 submitted (ID: 289) [OCA:exit_287_1787161746]
  📋 Order 289 status: PreSubmitted
  ✅ FILL CONFIRMED: SHORT @ 7735.00 (order 287)
     📊 Bracket placed: SL #288 @ 7743.00 | TP #289 @ 7724.25
     Trail activates @ +7.5 pts

[2026-08-19 12:48] O:7735.50 H:7736.50 L:7734.50 C:7736.50 V:1258.0
  📈 Trend: moderate_bearish (raw: moderate_bullish) | 🌍 Regime: ranging
  🗺️  Grid: 0.100% | 🔺 7736.50 🔻 7735.25
  📡 RSI: 67.2 | MACD: 0.34 | ATR: 1.88
  📊 Filled: 1 | Pending: 0
  📍 SHORT @ 7735.00 | SL: 7743.00 | TP: 7724.25 | P&L: $-75.00
  💰 Daily P&L: $-1,200.00
  📋 Order 289 status: Submitted

[2026-08-19 12:49] O:7736.75 H:7736.75 L:7734.25 C:7734.75 V:1491.0
  📈 Trend: moderate_bearish (raw: strong_bearish) | 🌍 Regime: ranging
  🗺️  Grid: 0.100% | 🔺 7736.50 🔻 7734.50
  📡 RSI: 56.7 | MACD: 0.29 | ATR: 1.91
  📊 Filled: 1 | Pending: 0
  📍 SHORT @ 7735.00 | SL: 7743.00 | TP: 7724.25 | P&L: $+12.50
  💰 Daily P&L: $-1,200.00

[2026-08-19 12:50] O:7734.75 H:7735.75 L:7734.00 C:7734.25 V:1082.0
  📈 Trend: moderate_bearish (raw: moderate_bullish) | 🌍 Regime: ranging
  🗺️  Grid: 0.100% | 🔺 7736.75 🔻 7734.25
  📡 RSI: 50.0 | MACD: 0.21 | ATR: 1.89
  📊 Filled: 1 | Pending: 0
  📍 SHORT @ 7735.00 | SL: 7743.00 | TP: 7724.25 | P&L: $+37.50
  💰 Daily P&L: $-1,200.00

[2026-08-19 12:51] O:7734.25 H:7736.75 L:7734.25 C:7736.75 V:1450.0
  📈 Trend: moderate_bearish (raw: moderate_bullish) | 🌍 Regime: ranging
  🗺️  Grid: 0.100% | 🔺 7735.75 🔻 7734.00
  📡 RSI: 66.7 | MACD: 0.35 | ATR: 1.89
  📊 Filled: 1 | Pending: 0
  📍 SHORT @ 7735.00 | SL: 7743.00 | TP: 7724.25 | P&L: $-87.50
  💰 Daily P&L: $-1,200.00

[2026-08-19 12:52] O:7736.75 H:7736.75 L:7735.75 C:7736.50 V:1119.0
  📈 Trend: moderate_bullish | 🌍 Regime: ranging
  🗺️  Grid: 0.100% | 🔺 7736.75 🔻 7734.25
  📡 RSI: 64.3 | MACD: 0.43 | ATR: 1.89
  📊 Filled: 1 | Pending: 0
  📍 SHORT @ 7735.00 | SL: 7743.00 | TP: 7724.25 | P&L: $-75.00
  💰 Daily P&L: $-1,200.00

[2026-08-19 12:53] O:7736.50 H:7738.50 L:7736.25 C:7737.50 V:1833.0
  📈 Trend: moderate_bullish | 🌍 Regime: ranging
  🗺️  Grid: 0.100% | 🔺 7736.75 🔻 7735.75
  📡 RSI: 70.2 | MACD: 0.56 | ATR: 1.95
  📊 Filled: 1 | Pending: 0
  📍 SHORT @ 7735.00 | SL: 7743.00 | TP: 7724.25 | P&L: $-125.00
  💰 Daily P&L: $-1,200.00

[2026-08-19 12:54] O:7737.50 H:7737.75 L:7735.25 C:7735.50 V:878.0
  📈 Trend: moderate_bullish | 🌍 Regime: ranging
  🗺️  Grid: 0.100% | 🔺 7738.50 🔻 7736.25
  📡 RSI: 59.0 | MACD: 0.51 | ATR: 1.98
  📊 Filled: 1 | Pending: 0
  📍 SHORT @ 7735.00 | SL: 7743.00 | TP: 7724.25 | P&L: $-25.00
  💰 Daily P&L: $-1,200.00

[2026-08-19 12:55] O:7735.50 H:7735.50 L:7734.25 C:7734.25 V:1146.0
  📈 Trend: moderate_bullish | 🌍 Regime: ranging
  🗺️  Grid: 0.100% | 🔺 7737.75 🔻 7735.25
  📡 RSI: 50.8 | MACD: 0.36 | ATR: 1.93
  📊 Filled: 1 | Pending: 0
  📍 SHORT @ 7735.00 | SL: 7743.00 | TP: 7724.25 | P&L: $+37.50
  💰 Daily P&L: $-1,200.00

[2026-08-19 12:56] O:7734.50 H:7735.50 L:7734.50 C:7735.25 V:618.0
  📈 Trend: moderate_bullish (raw: strong_bullish) | 🌍 Regime: ranging
  🗺️  Grid: 0.100% | 🔺 7735.50 🔻 7734.25
  📡 RSI: 48.3 | MACD: 0.31 | ATR: 1.79
  📊 Filled: 1 | Pending: 0
  📍 SHORT @ 7735.00 | SL: 7743.00 | TP: 7724.25 | P&L: $-12.50
  💰 Daily P&L: $-1,200.00

[2026-08-19 12:57] O:7735.25 H:7735.25 L:7733.25 C:7733.75 V:717.0
  📈 Trend: moderate_bullish | 🌍 Regime: ranging
  🗺️  Grid: 0.100% | 🔺 7735.50 🔻 7734.50
  📡 RSI: 43.8 | MACD: 0.16 | ATR: 1.80
  📊 Filled: 1 | Pending: 0
  📍 SHORT @ 7735.00 | SL: 7743.00 | TP: 7724.25 | P&L: $+62.50
  💰 Daily P&L: $-1,200.00

[2026-08-19 12:58] O:7733.50 H:7734.75 L:7733.50 C:7733.75 V:702.0
  📈 Trend: moderate_bullish | 🌍 Regime: ranging
  🗺️  Grid: 0.100% | 🔺 7735.25 🔻 7733.25
  📡 RSI: 45.9 | MACD: 0.03 | ATR: 1.80
  📊 Filled: 1 | Pending: 0
  📍 SHORT @ 7735.00 | SL: 7743.00 | TP: 7724.25 | P&L: $+62.50
  💰 Daily P&L: $-1,200.00

[2026-08-19 12:59] O:7734.00 H:7735.00 L:7732.75 C:7734.75 V:772.0
  📈 Trend: moderate_bullish | 🌍 Regime: ranging
  🗺️  Grid: 0.100% | 🔺 7734.75 🔻 7733.50
  📡 RSI: 44.1 | MACD: 0.01 | ATR: 1.82
  📊 Filled: 1 | Pending: 0
  📍 SHORT @ 7735.00 | SL: 7743.00 | TP: 7724.25 | P&L: $+12.50
  💰 Daily P&L: $-1,200.00

[2026-08-19 13:00] O:7734.50 H:7738.00 L:7733.25 C:7737.75 V:2393.0
  📈 Trend: moderate_bullish (raw: strong_bullish) | 🌍 Regime: ranging
  🗺️  Grid: 0.100% | 🔺 7735.00 🔻 7732.75
  📡 RSI: 54.3 | MACD: 0.24 | ATR: 2.04
  📊 Filled: 1 | Pending: 0
  📍 SHORT @ 7735.00 | SL: 7743.00 | TP: 7724.25 | P&L: $-137.50
  💰 Daily P&L: $-1,200.00

[2026-08-19 13:01] O:7737.50 H:7741.00 L:7737.50 C:7740.50 V:4147.0
  📈 Trend: moderate_bullish (raw: strong_bullish) | 🌍 Regime: ranging
  🗺️  Grid: 0.100% | 🔺 7738.00 🔻 7733.25
  📡 RSI: 62.8 | MACD: 0.63 | ATR: 2.20
  📊 Filled: 1 | Pending: 0
  📍 SHORT @ 7735.00 | SL: 7743.00 | TP: 7724.25 | P&L: $-275.00
  💰 Daily P&L: $-1,200.00
  📋 Order 289 status: PreSubmitted
  📋 Order 289 status: PendingCancel
  ✅ Fill: BOT 1.0 @ 7743.0
  📋 Order 288 status: Filled
  📋 Order 289 status: PendingCancel
  🛡️ OCA backup: cancelling sibling order 289 immediately after 288 filled
  📋 Order 289 status: Cancelled

[2026-08-19 13:02] O:7740.75 H:7745.00 L:7739.75 C:7743.25 V:4249.0
  📈 Trend: strong_bullish | 🌍 Regime: ranging
  🗺️  Grid: 0.100% | 🔺 7741.00 🔻 7737.50
  📡 RSI: 65.9 | MACD: 1.15 | ATR: 2.43
  📊 Filled: 1 | Pending: 0
  📍 SHORT @ 7735.00 | SL: 7743.00 | TP: 7724.25 | P&L: $-412.50
  ❌ EXIT SHORT @ 7743.00 | Stop Loss
     P&L: -8.00 pts ($-400.00) | Daily: $-1,600.00
  ⚠️ POSITION MISMATCH after exit: broker=1, bot expects=0
  🛟 Flattening stray 1 contract(s) with SELL to restore expected exposure
  📤 Market SELL 1 contracts submitted (ID: 290)
  📋 Order 290 status: PreSubmitted
  ⏸️ Cooldown: 2 bar(s) remaining after exit
  💰 Daily P&L: $-1,600.00
  ✅ Fill: SLD 1.0 @ 7743.0
  📋 Order 290 status: Filled

[2026-08-19 13:03] O:7743.00 H:7744.00 L:7742.00 C:7743.25 V:2946.0
  📈 Trend: strong_bullish | 🌍 Regime: ranging
  🗺️  Grid: 0.100% | 🔺 7745.00 🔻 7739.75
  📡 RSI: 71.8 | MACD: 1.55 | ATR: 2.39
  📊 Filled: 0 | Pending: 0
  ⏸️ Cooldown: 1 bar(s) remaining after exit
  💰 Daily P&L: $-1,600.00

[2026-08-19 13:04] O:7743.25 H:7743.25 L:7739.50 C:7740.75 V:1973.0
  📈 Trend: strong_bullish | 🌍 Regime: ranging
  🗺️  Grid: 0.100% | 🔺 7744.00 🔻 7742.00
  📡 RSI: 65.1 | MACD: 1.64 | ATR: 2.54
  📊 Filled: 0 | Pending: 0
  💰 Daily P&L: $-1,600.00

[2026-08-19 13:05] O:7740.50 H:7742.00 L:7737.25 C:7737.75 V:2589.0
  📈 Trend: strong_bullish | 🌍 Regime: ranging
  🗺️  Grid: 0.100% | 🔺 7743.25 🔻 7739.50
  📡 RSI: 52.3 | MACD: 1.45 | ATR: 2.70
  📊 Filled: 0 | Pending: 0
  💰 Daily P&L: $-1,600.00

[2026-08-19 13:06] O:7738.00 H:7738.25 L:7734.25 C:7734.50 V:3165.0
  📈 Trend: strong_bullish (raw: moderate_bullish) | 🌍 Regime: ranging
  🗺️  Grid: 0.100% | 🔺 7742.00 🔻 7737.25
  📡 RSI: 46.0 | MACD: 1.03 | ATR: 2.91
  📊 Filled: 0 | Pending: 0
  💰 Daily P&L: $-1,600.00

[2026-08-19 13:07] O:7734.50 H:7734.75 L:7730.00 C:7732.25 V:4222.0
  📈 Trend: strong_bullish (raw: moderate_bearish) | 🌍 Regime: ranging
  🗺️  Grid: 0.100% | 🔺 7738.25 🔻 7734.25
  📡 RSI: 40.0 | MACD: 0.51 | ATR: 3.09
  📊 Filled: 0 | Pending: 0
  💰 Daily P&L: $-1,600.00

[2026-08-19 13:08] O:7732.25 H:7732.50 L:7729.25 C:7731.00 V:2685.0
  📈 Trend: strong_bullish (raw: strong_bearish) | 🌍 Regime: ranging
  🗺️  Grid: 0.100% | 🔺 7734.75 🔻 7730.00
  📡 RSI: 41.2 | MACD: -0.01 | ATR: 3.14
  📊 Filled: 0 | Pending: 0
  💰 Daily P&L: $-1,600.00

[2026-08-19 13:09] O:7731.00 H:7731.50 L:7729.00 C:7729.25 V:3189.0
  📈 Trend: strong_bullish (raw: strong_bearish) | 🌍 Regime: ranging
  🗺️  Grid: 0.100% | 🔺 7732.50 🔻 7729.25
  📡 RSI: 40.4 | MACD: -0.55 | ATR: 3.23
  📊 Filled: 0 | Pending: 0
  💰 Daily P&L: $-1,600.00

[2026-08-19 13:10] O:7729.00 H:7731.25 L:7729.00 C:7730.25 V:1801.0
  📈 Trend: strong_bearish | 🌍 Regime: ranging
  🗺️  Grid: 0.100% | 🔺 7731.50 🔻 7729.00
  📡 RSI: 40.4 | MACD: -0.89 | ATR: 3.30
  📊 Filled: 0 | Pending: 0
  💰 Daily P&L: $-1,600.00

[2026-08-19 13:11] O:7730.25 H:7733.50 L:7729.25 C:7733.00 V:2404.0
  📈 Trend: strong_bearish | 🌍 Regime: ranging
  🗺️  Grid: 0.100% | 🔺 7731.25 🔻 7729.00
  📡 RSI: 48.6 | MACD: -0.92 | ATR: 3.46
  📊 Filled: 0 | Pending: 0
  💰 Daily P&L: $-1,600.00

[2026-08-19 13:12] O:7733.25 H:7735.00 L:7732.50 C:7734.25 V:1791.0
  📈 Trend: strong_bearish | 🌍 Regime: ranging
  🗺️  Grid: 0.100% | 🔺 7733.50 🔻 7729.25
  📡 RSI: 50.9 | MACD: -0.84 | ATR: 3.55
  📊 Filled: 0 | Pending: 0
  💰 Daily P&L: $-1,600.00

[2026-08-19 13:13] O:7734.25 H:7736.50 L:7733.75 C:7734.00 V:2219.0
  📈 Trend: strong_bearish | 🌍 Regime: ranging
  🗺️  Grid: 0.100% | 🔺 7735.00 🔻 7732.50
  📡 RSI: 48.6 | MACD: -0.79 | ATR: 3.59
  📊 Filled: 0 | Pending: 0
  💰 Daily P&L: $-1,600.00

[2026-08-19 13:14] O:7734.00 H:7735.50 L:7733.25 C:7734.00 V:1271.0
  📈 Trend: strong_bearish | 🌍 Regime: ranging
  🗺️  Grid: 0.100% | 🔺 7736.50 🔻 7733.75
  📡 RSI: 42.4 | MACD: -0.74 | ATR: 3.41
  📊 Filled: 0 | Pending: 0
  💰 Daily P&L: $-1,600.00

[2026-08-19 13:15] O:7734.00 H:7734.25 L:7731.75 C:7732.00 V:1538.0
  📈 Trend: strong_bearish | 🌍 Regime: ranging
  🗺️  Grid: 0.100% | 🔺 7735.50 🔻 7733.25
  📡 RSI: 32.3 | MACD: -0.85 | ATR: 3.34
  📊 Filled: 0 | Pending: 0
  💰 Daily P&L: $-1,600.00

[2026-08-19 13:16] O:7732.00 H:7732.75 L:7730.50 C:7730.75 V:2058.0
  📈 Trend: strong_bearish | 🌍 Regime: ranging
  🗺️  Grid: 0.100% | 🔺 7734.25 🔻 7731.75
  📡 RSI: 22.2 | MACD: -1.02 | ATR: 3.12
  📊 Filled: 0 | Pending: 0
  💰 Daily P&L: $-1,600.00

[2026-08-19 13:17] O:7731.00 H:7731.25 L:7730.00 C:7730.00 V:1652.0
  📈 Trend: strong_bearish | 🌍 Regime: ranging
  🗺️  Grid: 0.100% | 🔺 7732.75 🔻 7730.50
  📡 RSI: 21.5 | MACD: -1.21 | ATR: 3.07
  📊 Filled: 0 | Pending: 0
  💰 Daily P&L: $-1,600.00

[2026-08-19 13:18] O:7730.25 H:7733.50 L:7730.00 C:7732.00 V:1795.0
  📈 Trend: strong_bearish | 🌍 Regime: ranging
  🗺️  Grid: 0.100% | 🔺 7731.25 🔻 7730.00
  📡 RSI: 30.8 | MACD: -1.18 | ATR: 3.05
  📊 Filled: 0 | Pending: 0
  💰 Daily P&L: $-1,600.00

[2026-08-19 13:19] O:7732.00 H:7734.00 L:7732.00 C:7732.25 V:1337.0
  📈 Trend: strong_bearish | 🌍 Regime: ranging
  🗺️  Grid: 0.100% | 🔺 7733.50 🔻 7730.00
  📡 RSI: 36.3 | MACD: -1.13 | ATR: 2.86
  📊 Filled: 0 | Pending: 0
  💰 Daily P&L: $-1,600.00

[2026-08-19 13:20] O:7732.50 H:7732.75 L:7731.25 C:7732.25 V:1045.0
  📈 Trend: strong_bearish | 🌍 Regime: ranging
  🗺️  Grid: 0.100% | 🔺 7734.00 🔻 7732.00
  📡 RSI: 43.3 | MACD: -1.07 | ATR: 2.68
  📊 Filled: 0 | Pending: 0
  💰 Daily P&L: $-1,600.00

[2026-08-19 13:21] O:7732.50 H:7734.25 L:7732.25 C:7733.75 V:1283.0
  📈 Trend: strong_bearish | 🌍 Regime: ranging
  🗺️  Grid: 0.100% | 🔺 7732.75 🔻 7731.25
  📡 RSI: 54.7 | MACD: -0.90 | ATR: 2.48
  📊 Filled: 0 | Pending: 0
  💰 Daily P&L: $-1,600.00

[2026-08-19 13:22] O:7733.75 H:7734.00 L:7731.75 C:7732.00 V:1078.0
  📈 Trend: strong_bearish | 🌍 Regime: ranging
  🗺️  Grid: 0.100% | 🔺 7734.25 🔻 7732.25
  📡 RSI: 53.0 | MACD: -0.89 | ATR: 2.41
  📊 Filled: 0 | Pending: 0
  💰 Daily P&L: $-1,600.00

[2026-08-19 13:23] O:7732.00 H:7733.50 L:7731.75 C:7732.50 V:1002.0
  📈 Trend: strong_bearish | 🌍 Regime: ranging
  🗺️  Grid: 0.100% | 🔺 7734.00 🔻 7731.75
  📡 RSI: 60.7 | MACD: -0.83 | ATR: 2.36
  📊 Filled: 0 | Pending: 0
  💰 Daily P&L: $-1,600.00

[2026-08-19 13:24] O:7732.75 H:7733.25 L:7731.25 C:7732.00 V:1022.0
  📈 Trend: strong_bearish | 🌍 Regime: ranging
  🗺️  Grid: 0.100% | 🔺 7733.50 🔻 7731.75
  📡 RSI: 55.9 | MACD: -0.82 | ATR: 2.34
  📊 Filled: 0 | Pending: 0
  💰 Daily P&L: $-1,600.00

[2026-08-19 13:25] O:7732.25 H:7733.75 L:7731.75 C:7733.75 V:1112.0
  📈 Trend: strong_bearish | 🌍 Regime: ranging
  🗺️  Grid: 0.100% | 🔺 7733.25 🔻 7731.25
  📡 RSI: 52.7 | MACD: -0.66 | ATR: 2.18
  📊 Filled: 0 | Pending: 0
  💰 Daily P&L: $-1,600.00

[2026-08-19 13:26] O:7734.00 H:7734.00 L:7732.50 C:7733.00 V:1292.0
  📈 Trend: strong_bearish (raw: moderate_bearish) | 🌍 Regime: ranging
  🗺️  Grid: 0.100% | 🔺 7733.75 🔻 7731.75
  📡 RSI: 45.3 | MACD: -0.59 | ATR: 2.11
  📊 Filled: 0 | Pending: 0
  💰 Daily P&L: $-1,600.00

[2026-08-19 13:27] O:7733.25 H:7733.75 L:7732.00 C:7733.00 V:1145.0
  📈 Trend: strong_bearish (raw: moderate_bearish) | 🌍 Regime: ranging
  🗺️  Grid: 0.100% | 🔺 7734.00 🔻 7732.50
  📡 RSI: 46.2 | MACD: -0.52 | ATR: 2.04
  📊 Filled: 0 | Pending: 0
  💰 Daily P&L: $-1,600.00

[2026-08-19 13:28] O:7733.25 H:7735.00 L:7733.00 C:7733.00 V:1493.0
  📈 Trend: moderate_bearish | 🌍 Regime: trending_bearish
  🗺️  Grid: 0.100% | 🔺 7733.75 🔻 7732.00
  📡 RSI: 46.2 | MACD: -0.47 | ATR: 2.02
  📊 Filled: 0 | Pending: 0
  💰 Daily P&L: $-1,600.00

[2026-08-19 13:29] O:7733.00 H:7735.75 L:7732.75 C:7735.00 V:1758.0
  📈 Trend: moderate_bearish | 🌍 Regime: trending_bearish
  🗺️  Grid: 0.100% | 🔺 7735.00 🔻 7733.00
  📡 RSI: 61.5 | MACD: -0.26 | ATR: 2.05
  📊 Filled: 0 | Pending: 0
  💰 Daily P&L: $-1,600.00

[2026-08-19 13:30] O:7735.00 H:7739.50 L:7735.00 C:7738.50 V:4125.0
  📈 Trend: moderate_bearish (raw: moderate_bullish) | 🌍 Regime: trending_bullish
  🗺️  Grid: 0.100% | 🔺 7735.75 🔻 7732.75
  📡 RSI: 75.4 | MACD: 0.19 | ATR: 2.21
  📊 Filled: 0 | Pending: 0
  💰 Daily P&L: $-1,600.00

[2026-08-19 13:31] O:7738.50 H:7739.00 L:7737.25 C:7737.50 V:2138.0
  📈 Trend: moderate_bearish (raw: moderate_bullish) | 🌍 Regime: ranging
  🗺️  Grid: 0.100% | 🔺 7739.50 🔻 7735.00
  📡 RSI: 74.2 | MACD: 0.45 | ATR: 2.25
  📊 Filled: 0 | Pending: 0
  🔴 Pullback SHORT | RSI 75.4→74.2 turning down in moderate_bearish
  📤 Limit SELL 1 @ 7736.00 submitted (ID: 291)
  ⬇️ SHORT ORDER @ 7736.00 | Size: 1.00 | SL: 7745.00 | TP: 7722.50 [1cts]
     Reason: Grid Short (moderate_bearish, RSI: 74.2)
  🔬 SHADOW [short trending]: 🟥 ROBUST WOULD BLOCK (1 filter)
       MACD=BLOCK (+0.45 vs +0.19, Δ+0.27) | 5m=PASS (1m=moderate_bearish, 5m=sideways)
     ⏳ Order 291 PENDING - awaiting fill confirmation
  💰 Daily P&L: $-1,600.00
  📋 Order 291 status: PreSubmitted
  ✅ Fill: SLD 1.0 @ 7737.75
  📋 Order 291 status: Filled
  📤 Stop-Market BUY 1 @ 7745.75 submitted (ID: 292) [OCA:exit_291_1787164386]
  📋 Order 292 status: PreSubmitted
  📤 Limit BUY 1 @ 7727.00 submitted (ID: 293) [OCA:exit_291_1787164386]
  📋 Order 293 status: PreSubmitted
  ✅ FILL CONFIRMED: SHORT @ 7737.75 (order 291)
     📊 Bracket placed: SL #292 @ 7745.75 | TP #293 @ 7727.00
     Trail activates @ +7.5 pts

[2026-08-19 13:32] O:7737.50 H:7738.25 L:7736.75 C:7736.75 V:1573.0
  📈 Trend: moderate_bullish | 🌍 Regime: ranging
  🗺️  Grid: 0.100% | 🔺 7739.00 🔻 7737.25
  📡 RSI: 66.7 | MACD: 0.60 | ATR: 2.11
  📊 Filled: 1 | Pending: 0
  📍 SHORT @ 7737.75 | SL: 7745.75 | TP: 7727.00 | P&L: $+50.00
  💰 Daily P&L: $-1,600.00
  📋 Order 293 status: Submitted

[2026-08-19 13:33] O:7736.75 H:7738.00 L:7736.25 C:7736.50 V:1364.0
  📈 Trend: moderate_bullish | 🌍 Regime: ranging
  🗺️  Grid: 0.100% | 🔺 7738.25 🔻 7736.75
  📡 RSI: 64.9 | MACD: 0.68 | ATR: 2.09
  📊 Filled: 1 | Pending: 0
  📍 SHORT @ 7737.75 | SL: 7745.75 | TP: 7727.00 | P&L: $+62.50
  💰 Daily P&L: $-1,600.00

[2026-08-19 13:34] O:7736.75 H:7739.75 L:7736.25 C:7738.50 V:1407.0
  📈 Trend: moderate_bullish | 🌍 Regime: ranging
  🗺️  Grid: 0.100% | 🔺 7738.00 🔻 7736.25
  📡 RSI: 69.2 | MACD: 0.90 | ATR: 2.23
  📊 Filled: 1 | Pending: 0
  📍 SHORT @ 7737.75 | SL: 7745.75 | TP: 7727.00 | P&L: $-37.50
  💰 Daily P&L: $-1,600.00

[2026-08-19 13:35] O:7738.50 H:7738.75 L:7737.25 C:7738.00 V:1556.0
  📈 Trend: moderate_bullish | 🌍 Regime: ranging
  🗺️  Grid: 0.100% | 🔺 7739.75 🔻 7736.25
  📡 RSI: 63.9 | MACD: 1.03 | ATR: 2.20
  📊 Filled: 1 | Pending: 0
  📍 SHORT @ 7737.75 | SL: 7745.75 | TP: 7727.00 | P&L: $-12.50
  💰 Daily P&L: $-1,600.00

[2026-08-19 13:36] O:7738.00 H:7738.25 L:7737.25 C:7737.25 V:873.0
  📈 Trend: moderate_bullish | 🌍 Regime: ranging
  🗺️  Grid: 0.100% | 🔺 7738.75 🔻 7737.25
  📡 RSI: 68.4 | MACD: 1.05 | ATR: 2.11
  📊 Filled: 1 | Pending: 0
  📍 SHORT @ 7737.75 | SL: 7745.75 | TP: 7727.00 | P&L: $+25.00
  💰 Daily P&L: $-1,600.00

[2026-08-19 13:37] O:7737.25 H:7738.25 L:7736.75 C:7736.75 V:1087.0
  📈 Trend: moderate_bullish | 🌍 Regime: ranging
  🗺️  Grid: 0.100% | 🔺 7738.25 🔻 7737.25
  📡 RSI: 64.9 | MACD: 1.02 | ATR: 2.09
  📊 Filled: 1 | Pending: 0
  📍 SHORT @ 7737.75 | SL: 7745.75 | TP: 7727.00 | P&L: $+50.00
  💰 Daily P&L: $-1,600.00

[2026-08-19 13:38] O:7736.75 H:7737.50 L:7736.00 C:7736.00 V:1655.0
  📈 Trend: moderate_bullish | 🌍 Regime: ranging
  🗺️  Grid: 0.100% | 🔺 7738.25 🔻 7736.75
  📡 RSI: 63.8 | MACD: 0.92 | ATR: 2.05
  📊 Filled: 1 | Pending: 0
  📍 SHORT @ 7737.75 | SL: 7745.75 | TP: 7727.00 | P&L: $+87.50
  💰 Daily P&L: $-1,600.00

[2026-08-19 13:39] O:7736.25 H:7738.25 L:7736.00 C:7737.00 V:1603.0
  📈 Trend: moderate_bullish (raw: strong_bullish) | 🌍 Regime: ranging
  🗺️  Grid: 0.100% | 🔺 7737.50 🔻 7736.00
  📡 RSI: 61.8 | MACD: 0.91 | ATR: 2.07
  📊 Filled: 1 | Pending: 0
  📍 SHORT @ 7737.75 | SL: 7745.75 | TP: 7727.00 | P&L: $+37.50
  💰 Daily P&L: $-1,600.00

[2026-08-19 13:40] O:7737.25 H:7739.25 L:7737.25 C:7737.75 V:1475.0
  📈 Trend: moderate_bullish (raw: strong_bullish) | 🌍 Regime: ranging
  🗺️  Grid: 0.100% | 🔺 7738.25 🔻 7736.00
  📡 RSI: 67.3 | MACD: 0.96 | ATR: 2.12
  📊 Filled: 1 | Pending: 0
  📍 SHORT @ 7737.75 | SL: 7745.75 | TP: 7727.00 | P&L: $+0.00
  💰 Daily P&L: $-1,600.00

[2026-08-19 13:41] O:7738.00 H:7740.50 L:7737.75 C:7739.00 V:2178.0
  📈 Trend: strong_bullish | 🌍 Regime: ranging
  🗺️  Grid: 0.100% | 🔺 7739.25 🔻 7737.25
  📡 RSI: 70.0 | MACD: 1.08 | ATR: 2.20
  📊 Filled: 1 | Pending: 0
  📍 SHORT @ 7737.75 | SL: 7745.75 | TP: 7727.00 | P&L: $-62.50
  💰 Daily P&L: $-1,600.00

[2026-08-19 13:42] O:7739.25 H:7739.75 L:7738.00 C:7738.50 V:954.0
  📈 Trend: strong_bullish | 🌍 Regime: ranging
  🗺️  Grid: 0.100% | 🔺 7740.50 🔻 7737.75
  📡 RSI: 67.7 | MACD: 1.12 | ATR: 2.18
  📊 Filled: 1 | Pending: 0
  📍 SHORT @ 7737.75 | SL: 7745.75 | TP: 7727.00 | P&L: $-37.50
  💰 Daily P&L: $-1,600.00

[2026-08-19 13:43] O:7738.75 H:7739.00 L:7737.50 C:7738.25 V:1017.0
  📈 Trend: strong_bullish | 🌍 Regime: ranging
  🗺️  Grid: 0.100% | 🔺 7739.75 🔻 7738.00
  📡 RSI: 61.8 | MACD: 1.13 | ATR: 2.07
  📊 Filled: 1 | Pending: 0
  📍 SHORT @ 7737.75 | SL: 7745.75 | TP: 7727.00 | P&L: $-25.00
  💰 Daily P&L: $-1,600.00

[2026-08-19 13:44] O:7738.50 H:7738.50 L:7736.50 C:7737.25 V:1188.0
  📈 Trend: strong_bullish | 🌍 Regime: ranging
  🗺️  Grid: 0.100% | 🔺 7739.00 🔻 7737.50
  📡 RSI: 44.4 | MACD: 1.03 | ATR: 1.89
  📊 Filled: 1 | Pending: 0
  📍 SHORT @ 7737.75 | SL: 7745.75 | TP: 7727.00 | P&L: $+25.00
  💰 Daily P&L: $-1,600.00

[2026-08-19 13:45] O:7737.50 H:7737.75 L:7736.25 C:7736.75 V:1154.0
  📈 Trend: strong_bullish (raw: moderate_bullish) | 🌍 Regime: ranging
  🗺️  Grid: 0.100% | 🔺 7738.50 🔻 7736.50
  📡 RSI: 46.5 | MACD: 0.91 | ATR: 1.88
  📊 Filled: 1 | Pending: 0
  📍 SHORT @ 7737.75 | SL: 7745.75 | TP: 7727.00 | P&L: $+50.00
  💰 Daily P&L: $-1,600.00

[2026-08-19 13:46] O:7736.75 H:7736.75 L:7735.25 C:7735.50 V:1170.0
  📈 Trend: strong_bullish (raw: moderate_bullish) | 🌍 Regime: ranging
  🗺️  Grid: 0.100% | 🔺 7737.75 🔻 7736.25
  📡 RSI: 44.4 | MACD: 0.71 | ATR: 1.88
  📊 Filled: 1 | Pending: 0
  📍 SHORT @ 7737.75 | SL: 7745.75 | TP: 7727.00 | P&L: $+112.50
  💰 Daily P&L: $-1,600.00

[2026-08-19 13:47] O:7735.25 H:7736.75 L:7735.25 C:7736.75 V:879.0
  📈 Trend: moderate_bullish | 🌍 Regime: ranging
  🗺️  Grid: 0.100% | 🔺 7736.75 🔻 7735.25
  📡 RSI: 51.0 | MACD: 0.64 | ATR: 1.86
  📊 Filled: 1 | Pending: 0
  📍 SHORT @ 7737.75 | SL: 7745.75 | TP: 7727.00 | P&L: $+50.00
  💰 Daily P&L: $-1,600.00

[2026-08-19 13:48] O:7736.75 H:7737.25 L:7735.75 C:7735.75 V:1359.0
  📈 Trend: moderate_bullish | 🌍 Regime: ranging
  🗺️  Grid: 0.100% | 🔺 7736.75 🔻 7735.25
  📡 RSI: 37.8 | MACD: 0.49 | ATR: 1.71
  📊 Filled: 1 | Pending: 0
  📍 SHORT @ 7737.75 | SL: 7745.75 | TP: 7727.00 | P&L: $+100.00
  💰 Daily P&L: $-1,600.00

[2026-08-19 13:49] O:7735.50 H:7737.75 L:7735.50 C:7737.50 V:935.0
  📈 Trend: moderate_bullish (raw: moderate_bearish) | 🌍 Regime: ranging
  🗺️  Grid: 0.100% | 🔺 7737.25 🔻 7735.75
  📡 RSI: 48.0 | MACD: 0.52 | ATR: 1.77
  📊 Filled: 1 | Pending: 0
  📍 SHORT @ 7737.75 | SL: 7745.75 | TP: 7727.00 | P&L: $+12.50
  💰 Daily P&L: $-1,600.00

[2026-08-19 13:50] O:7737.75 H:7738.00 L:7736.50 C:7737.50 V:1506.0
  📈 Trend: moderate_bullish (raw: moderate_bearish) | 🌍 Regime: ranging
  🗺️  Grid: 0.100% | 🔺 7737.75 🔻 7735.50
  📡 RSI: 51.1 | MACD: 0.53 | ATR: 1.80
  📊 Filled: 1 | Pending: 0
  📍 SHORT @ 7737.75 | SL: 7745.75 | TP: 7727.00 | P&L: $+12.50
  💰 Daily P&L: $-1,600.00

[2026-08-19 13:51] O:7737.75 H:7738.00 L:7736.25 C:7736.50 V:1453.0
  📈 Trend: moderate_bearish | 🌍 Regime: ranging
  🗺️  Grid: 0.100% | 🔺 7738.00 🔻 7736.50
  📡 RSI: 49.0 | MACD: 0.45 | ATR: 1.82
  📊 Filled: 1 | Pending: 0
  📍 SHORT @ 7737.75 | SL: 7745.75 | TP: 7727.00 | P&L: $+62.50
  💰 Daily P&L: $-1,600.00

[2026-08-19 13:52] O:7736.50 H:7737.00 L:7735.00 C:7735.25 V:1245.0
  📈 Trend: moderate_bearish | 🌍 Regime: ranging
  🗺️  Grid: 0.100% | 🔺 7738.00 🔻 7736.25
  📡 RSI: 47.1 | MACD: 0.29 | ATR: 1.86
  📊 Filled: 1 | Pending: 0
  📍 SHORT @ 7737.75 | SL: 7745.75 | TP: 7727.00 | P&L: $+125.00
  💰 Daily P&L: $-1,600.00

[2026-08-19 13:53] O:7735.00 H:7736.00 L:7734.00 C:7736.00 V:1668.0
  📈 Trend: moderate_bearish | 🌍 Regime: ranging
  🗺️  Grid: 0.100% | 🔺 7737.00 🔻 7735.00
  📡 RSI: 46.0 | MACD: 0.21 | ATR: 1.84
  📊 Filled: 1 | Pending: 0
  📍 SHORT @ 7737.75 | SL: 7745.75 | TP: 7727.00 | P&L: $+87.50
  💰 Daily P&L: $-1,600.00

[2026-08-19 13:54] O:7736.00 H:7736.50 L:7735.50 C:7736.25 V:1148.0
  📈 Trend: moderate_bearish | 🌍 Regime: ranging
  🗺️  Grid: 0.100% | 🔺 7736.00 🔻 7734.00
  📡 RSI: 43.8 | MACD: 0.18 | ATR: 1.75
  📊 Filled: 1 | Pending: 0
  📍 SHORT @ 7737.75 | SL: 7745.75 | TP: 7727.00 | P&L: $+75.00
  💰 Daily P&L: $-1,600.00

[2026-08-19 13:55] O:7736.00 H:7737.00 L:7735.50 C:7736.50 V:879.0
  📈 Trend: moderate_bearish | 🌍 Regime: ranging
  🗺️  Grid: 0.100% | 🔺 7736.50 🔻 7735.50
  📡 RSI: 38.6 | MACD: 0.16 | ATR: 1.66
  📊 Filled: 1 | Pending: 0
  📍 SHORT @ 7737.75 | SL: 7745.75 | TP: 7727.00 | P&L: $+62.50
  💰 Daily P&L: $-1,600.00

[2026-08-19 13:56] O:7736.50 H:7736.50 L:7734.75 C:7735.00 V:976.0
  📈 Trend: moderate_bearish | 🌍 Regime: ranging
  🗺️  Grid: 0.100% | 🔺 7737.00 🔻 7735.50
  📡 RSI: 35.4 | MACD: 0.03 | ATR: 1.66
  📊 Filled: 1 | Pending: 0
  📍 SHORT @ 7737.75 | SL: 7745.75 | TP: 7727.00 | P&L: $+137.50
  💰 Daily P&L: $-1,600.00

[2026-08-19 13:57] O:7735.00 H:7735.75 L:7734.75 C:7734.75 V:811.0
  📈 Trend: moderate_bearish (raw: strong_bearish) | 🌍 Regime: ranging
  🗺️  Grid: 0.100% | 🔺 7736.50 🔻 7734.75
  📡 RSI: 35.4 | MACD: -0.09 | ATR: 1.62
  📊 Filled: 1 | Pending: 0
  📍 SHORT @ 7737.75 | SL: 7745.75 | TP: 7727.00 | P&L: $+150.00
  💰 Daily P&L: $-1,600.00

[2026-08-19 13:58] O:7735.00 H:7736.25 L:7734.50 C:7736.25 V:1406.0
  📈 Trend: moderate_bearish (raw: strong_bearish) | 🌍 Regime: ranging
  🗺️  Grid: 0.100% | 🔺 7735.75 🔻 7734.75
  📡 RSI: 46.0 | MACD: -0.07 | ATR: 1.61
  📊 Filled: 1 | Pending: 0
  📍 SHORT @ 7737.75 | SL: 7745.75 | TP: 7727.00 | P&L: $+75.00
  💰 Daily P&L: $-1,600.00

[2026-08-19 13:59] O:7736.00 H:7736.00 L:7734.50 C:7734.75 V:1069.0
  📈 Trend: strong_bearish | 🌍 Regime: ranging
  🗺️  Grid: 0.100% | 🔺 7736.25 🔻 7734.50
  📡 RSI: 42.6 | MACD: -0.17 | ATR: 1.62
  📊 Filled: 1 | Pending: 0
  📍 SHORT @ 7737.75 | SL: 7745.75 | TP: 7727.00 | P&L: $+150.00
  💰 Daily P&L: $-1,600.00

[2026-08-19 14:00] O:7734.75 H:7736.75 L:7733.75 C:7736.75 V:2683.0
  📈 Trend: strong_bearish | 🌍 Regime: ranging
  🗺️  Grid: 0.100% | 🔺 7736.00 🔻 7734.50
  📡 RSI: 54.4 | MACD: -0.09 | ATR: 1.73
  📊 Filled: 1 | Pending: 0
  📍 SHORT @ 7737.75 | SL: 7745.75 | TP: 7727.00 | P&L: $+50.00
  💰 Daily P&L: $-1,600.00

[2026-08-19 14:01] O:7737.00 H:7737.50 L:7736.00 C:7736.75 V:1998.0
  📈 Trend: strong_bearish | 🌍 Regime: ranging
  🗺️  Grid: 0.100% | 🔺 7736.75 🔻 7733.75
  📡 RSI: 50.0 | MACD: -0.02 | ATR: 1.73
  📊 Filled: 1 | Pending: 0
  📍 SHORT @ 7737.75 | SL: 7745.75 | TP: 7727.00 | P&L: $+50.00
  💰 Daily P&L: $-1,600.00

[2026-08-19 14:02] O:7736.75 H:7737.00 L:7735.50 C:7735.75 V:1538.0
  📈 Trend: strong_bearish | 🌍 Regime: ranging
  🗺️  Grid: 0.100% | 🔺 7737.50 🔻 7736.00
  📡 RSI: 50.0 | MACD: -0.05 | ATR: 1.73
  📊 Filled: 1 | Pending: 0
  📍 SHORT @ 7737.75 | SL: 7745.75 | TP: 7727.00 | P&L: $+100.00
  💰 Daily P&L: $-1,600.00

[2026-08-19 14:03] O:7735.75 H:7736.00 L:7734.50 C:7735.75 V:1258.0
  📈 Trend: strong_bearish | 🌍 Regime: ranging
  🗺️  Grid: 0.100% | 🔺 7737.00 🔻 7735.50
  📡 RSI: 42.2 | MACD: -0.07 | ATR: 1.68
  📊 Filled: 1 | Pending: 0
  📍 SHORT @ 7737.75 | SL: 7745.75 | TP: 7727.00 | P&L: $+100.00
  💰 Daily P&L: $-1,600.00

[2026-08-19 14:04] O:7736.00 H:7736.25 L:7735.25 C:7735.75 V:1132.0
  📈 Trend: strong_bearish | 🌍 Regime: ranging
  🗺️  Grid: 0.100% | 🔺 7736.00 🔻 7734.50
  📡 RSI: 42.2 | MACD: -0.08 | ATR: 1.64
  📊 Filled: 1 | Pending: 0
  📍 SHORT @ 7737.75 | SL: 7745.75 | TP: 7727.00 | P&L: $+100.00
  💰 Daily P&L: $-1,600.00

[2026-08-19 14:05] O:7736.00 H:7736.00 L:7734.50 C:7735.00 V:1084.0
  📈 Trend: strong_bearish | 🌍 Regime: ranging
  🗺️  Grid: 0.100% | 🔺 7736.25 🔻 7735.25
  📡 RSI: 43.2 | MACD: -0.16 | ATR: 1.62
  📊 Filled: 1 | Pending: 0
  📍 SHORT @ 7737.75 | SL: 7745.75 | TP: 7727.00 | P&L: $+137.50
  💰 Daily P&L: $-1,600.00

[2026-08-19 14:06] O:7735.25 H:7736.00 L:7734.75 C:7735.50 V:928.0
  📈 Trend: strong_bearish | 🌍 Regime: ranging
  🗺️  Grid: 0.100% | 🔺 7736.00 🔻 7734.50
  📡 RSI: 51.2 | MACD: -0.17 | ATR: 1.57
  📊 Filled: 1 | Pending: 0
  📍 SHORT @ 7737.75 | SL: 7745.75 | TP: 7727.00 | P&L: $+112.50
  💰 Daily P&L: $-1,600.00

[2026-08-19 14:07] O:7735.50 H:7736.50 L:7735.00 C:7736.50 V:888.0
  📈 Trend: strong_bearish (raw: moderate_bullish) | 🌍 Regime: ranging
  🗺️  Grid: 0.100% | 🔺 7736.00 🔻 7734.75
  📡 RSI: 52.4 | MACD: -0.10 | ATR: 1.54
  📊 Filled: 1 | Pending: 0
  📍 SHORT @ 7737.75 | SL: 7745.75 | TP: 7727.00 | P&L: $+62.50
  💰 Daily P&L: $-1,600.00

[2026-08-19 14:08] O:7736.75 H:7738.00 L:7736.50 C:7737.75 V:1373.0
  📈 Trend: strong_bearish (raw: strong_bullish) | 🌍 Regime: ranging
  🗺️  Grid: 0.100% | 🔺 7736.50 🔻 7735.00
  📡 RSI: 56.5 | MACD: 0.06 | ATR: 1.57
  📊 Filled: 1 | Pending: 0
  📍 SHORT @ 7737.75 | SL: 7745.75 | TP: 7727.00 | P&L: $+0.00
  💰 Daily P&L: $-1,600.00

[2026-08-19 14:09] O:7737.75 H:7739.25 L:7737.25 C:7738.50 V:1323.0
  📈 Trend: strong_bearish (raw: strong_bullish) | 🌍 Regime: ranging
  🗺️  Grid: 0.100% | 🔺 7738.00 🔻 7736.50
  📡 RSI: 58.3 | MACD: 0.24 | ATR: 1.61
  📊 Filled: 1 | Pending: 0
  📍 SHORT @ 7737.75 | SL: 7745.75 | TP: 7727.00 | P&L: $-37.50
  💰 Daily P&L: $-1,600.00

[2026-08-19 14:10] O:7738.50 H:7739.00 L:7737.50 C:7738.00 V:1097.0
  📈 Trend: strong_bullish | 🌍 Regime: ranging
  🗺️  Grid: 0.100% | 🔺 7739.25 🔻 7737.25
  📡 RSI: 63.6 | MACD: 0.34 | ATR: 1.59
  📊 Filled: 1 | Pending: 0
  📍 SHORT @ 7737.75 | SL: 7745.75 | TP: 7727.00 | P&L: $-12.50
  💰 Daily P&L: $-1,600.00

[2026-08-19 14:11] O:7738.25 H:7738.50 L:7737.50 C:7738.00 V:971.0
  📈 Trend: strong_bullish | 🌍 Regime: ranging
  🗺️  Grid: 0.100% | 🔺 7739.00 🔻 7737.50
  📡 RSI: 65.1 | MACD: 0.41 | ATR: 1.59
  📊 Filled: 1 | Pending: 0
  📍 SHORT @ 7737.75 | SL: 7745.75 | TP: 7727.00 | P&L: $-12.50
  💰 Daily P&L: $-1,600.00

[2026-08-19 14:12] O:7738.00 H:7739.00 L:7737.25 C:7737.50 V:1036.0
  📈 Trend: strong_bullish | 🌍 Regime: ranging
  🗺️  Grid: 0.100% | 🔺 7738.50 🔻 7737.50
  📡 RSI: 56.4 | MACD: 0.43 | ATR: 1.59
  📊 Filled: 1 | Pending: 0
  📍 SHORT @ 7737.75 | SL: 7745.75 | TP: 7727.00 | P&L: $+12.50
  💰 Daily P&L: $-1,600.00

[2026-08-19 14:13] O:7737.75 H:7738.00 L:7737.00 C:7737.00 V:875.0
  📈 Trend: strong_bullish | 🌍 Regime: ranging
  🗺️  Grid: 0.100% | 🔺 7739.00 🔻 7737.25
  📡 RSI: 62.9 | MACD: 0.39 | ATR: 1.54
  📊 Filled: 1 | Pending: 0
  📍 SHORT @ 7737.75 | SL: 7745.75 | TP: 7727.00 | P&L: $+37.50
  💰 Daily P&L: $-1,600.00

[2026-08-19 14:14] O:7737.00 H:7737.50 L:7736.25 C:7736.50 V:1420.0
  📈 Trend: strong_bullish (raw: strong_bearish) | 🌍 Regime: ranging
  🗺️  Grid: 0.100% | 🔺 7738.00 🔻 7737.00
  📡 RSI: 48.3 | MACD: 0.32 | ATR: 1.41
  📊 Filled: 1 | Pending: 0
  📍 SHORT @ 7737.75 | SL: 7745.75 | TP: 7727.00 | P&L: $+62.50
  💰 Daily P&L: $-1,600.00

[2026-08-19 14:15] O:7736.50 H:7737.75 L:7736.00 C:7737.00 V:1951.0
  📈 Trend: strong_bullish (raw: moderate_bullish) | 🌍 Regime: ranging
  🗺️  Grid: 0.100% | 🔺 7737.50 🔻 7736.25
  📡 RSI: 51.6 | MACD: 0.30 | ATR: 1.43
  📊 Filled: 1 | Pending: 0
  📍 SHORT @ 7737.75 | SL: 7745.75 | TP: 7727.00 | P&L: $+37.50
  💰 Daily P&L: $-1,600.00

[2026-08-19 14:16] O:7737.00 H:7737.75 L:7735.75 C:7736.25 V:2586.0
  📈 Trend: strong_bullish (raw: moderate_bearish) | 🌍 Regime: ranging
  🗺️  Grid: 0.100% | 🔺 7737.75 🔻 7736.00
  📡 RSI: 53.3 | MACD: 0.22 | ATR: 1.46
  📊 Filled: 1 | Pending: 0
  📍 SHORT @ 7737.75 | SL: 7745.75 | TP: 7727.00 | P&L: $+75.00
  💰 Daily P&L: $-1,600.00

[2026-08-19 14:17] O:7736.25 H:7737.00 L:7736.00 C:7736.50 V:1112.0
  📈 Trend: strong_bullish (raw: moderate_bearish) | 🌍 Regime: ranging
  🗺️  Grid: 0.100% | 🔺 7737.75 🔻 7735.75
  📡 RSI: 54.8 | MACD: 0.18 | ATR: 1.43
  📊 Filled: 1 | Pending: 0
  📍 SHORT @ 7737.75 | SL: 7745.75 | TP: 7727.00 | P&L: $+62.50
  💰 Daily P&L: $-1,600.00

[2026-08-19 14:18] O:7736.50 H:7738.25 L:7736.50 C:7738.00 V:1085.0
  📈 Trend: strong_bullish (raw: moderate_bullish) | 🌍 Regime: ranging
  🗺️  Grid: 0.100% | 🔺 7737.00 🔻 7736.00
  📡 RSI: 62.2 | MACD: 0.26 | ATR: 1.48
  📊 Filled: 1 | Pending: 0
  📍 SHORT @ 7737.75 | SL: 7745.75 | TP: 7727.00 | P&L: $-12.50
  💰 Daily P&L: $-1,600.00

[2026-08-19 14:19] O:7738.25 H:7739.75 L:7737.75 C:7739.75 V:1857.0
  📈 Trend: strong_bullish | 🌍 Regime: ranging
  🗺️  Grid: 0.100% | 🔺 7738.25 🔻 7736.50
  📡 RSI: 73.2 | MACD: 0.46 | ATR: 1.52
  📊 Filled: 1 | Pending: 0
  📍 SHORT @ 7737.75 | SL: 7745.75 | TP: 7727.00 | P&L: $-100.00
  💰 Daily P&L: $-1,600.00

[2026-08-19 14:20] O:7739.50 H:7739.75 L:7738.50 C:7739.50 V:1614.0
  📈 Trend: strong_bullish | 🌍 Regime: ranging
  🗺️  Grid: 0.100% | 🔺 7739.75 🔻 7737.75
  📡 RSI: 70.0 | MACD: 0.60 | ATR: 1.52
  📊 Filled: 1 | Pending: 0
  📍 SHORT @ 7737.75 | SL: 7745.75 | TP: 7727.00 | P&L: $-87.50
  💰 Daily P&L: $-1,600.00

[2026-08-19 14:21] O:7739.50 H:7739.75 L:7736.25 C:7736.50 V:1380.0
  📈 Trend: strong_bullish | 🌍 Regime: ranging
  🗺️  Grid: 0.100% | 🔺 7739.75 🔻 7738.50
  📡 RSI: 50.0 | MACD: 0.45 | ATR: 1.66
  📊 Filled: 1 | Pending: 0
  📍 SHORT @ 7737.75 | SL: 7745.75 | TP: 7727.00 | P&L: $+62.50
  💰 Daily P&L: $-1,600.00

[2026-08-19 14:22] O:7736.25 H:7738.25 L:7736.25 C:7738.00 V:1342.0
  📈 Trend: strong_bullish | 🌍 Regime: ranging
  🗺️  Grid: 0.100% | 🔺 7739.75 🔻 7736.25
  📡 RSI: 51.0 | MACD: 0.46 | ATR: 1.70
  📊 Filled: 1 | Pending: 0
  📍 SHORT @ 7737.75 | SL: 7745.75 | TP: 7727.00 | P&L: $-12.50
  💰 Daily P&L: $-1,600.00

[2026-08-19 14:23] O:7738.25 H:7738.50 L:7737.50 C:7738.50 V:1046.0
  📈 Trend: strong_bullish | 🌍 Regime: ranging
  🗺️  Grid: 0.100% | 🔺 7738.25 🔻 7736.25
  📡 RSI: 50.0 | MACD: 0.49 | ATR: 1.62
  📊 Filled: 1 | Pending: 0
  📍 SHORT @ 7737.75 | SL: 7745.75 | TP: 7727.00 | P&L: $-37.50
  💰 Daily P&L: $-1,600.00

[2026-08-19 14:24] O:7738.75 H:7740.00 L:7738.50 C:7739.00 V:1849.0
  📈 Trend: strong_bullish | 🌍 Regime: ranging
  🗺️  Grid: 0.100% | 🔺 7738.50 🔻 7737.50
  📡 RSI: 54.2 | MACD: 0.56 | ATR: 1.62
  📊 Filled: 1 | Pending: 0
  📍 SHORT @ 7737.75 | SL: 7745.75 | TP: 7727.00 | P&L: $-62.50
  💰 Daily P&L: $-1,600.00

[2026-08-19 14:25] O:7738.75 H:7739.25 L:7738.25 C:7738.50 V:997.0
  📈 Trend: strong_bullish | 🌍 Regime: ranging
  🗺️  Grid: 0.100% | 🔺 7740.00 🔻 7738.50
  📡 RSI: 52.0 | MACD: 0.56 | ATR: 1.62
  📊 Filled: 1 | Pending: 0
  📍 SHORT @ 7737.75 | SL: 7745.75 | TP: 7727.00 | P&L: $-37.50
  💰 Daily P&L: $-1,600.00

[2026-08-19 14:26] O:7738.25 H:7740.00 L:7738.25 C:7738.25 V:1541.0
  📈 Trend: strong_bullish | 🌍 Regime: ranging
  🗺️  Grid: 0.100% | 🔺 7739.25 🔻 7738.25
  📡 RSI: 53.1 | MACD: 0.54 | ATR: 1.62
  📊 Filled: 1 | Pending: 0
  📍 SHORT @ 7737.75 | SL: 7745.75 | TP: 7727.00 | P&L: $-25.00
  💰 Daily P&L: $-1,600.00

[2026-08-19 14:27] O:7738.25 H:7738.75 L:7738.00 C:7738.25 V:1254.0
  📈 Trend: strong_bullish | 🌍 Regime: ranging
  🗺️  Grid: 0.100% | 🔺 7740.00 🔻 7738.25
  📡 RSI: 55.3 | MACD: 0.51 | ATR: 1.61
  📊 Filled: 1 | Pending: 0
  📍 SHORT @ 7737.75 | SL: 7745.75 | TP: 7727.00 | P&L: $-25.00
  💰 Daily P&L: $-1,600.00

[2026-08-19 14:28] O:7738.25 H:7738.75 L:7737.50 C:7737.50 V:1426.0
  📈 Trend: strong_bullish (raw: moderate_bearish) | 🌍 Regime: ranging
  🗺️  Grid: 0.100% | 🔺 7738.75 🔻 7738.00
  📡 RSI: 54.2 | MACD: 0.43 | ATR: 1.61
  📊 Filled: 1 | Pending: 0
  📍 SHORT @ 7737.75 | SL: 7745.75 | TP: 7727.00 | P&L: $+12.50
  💰 Daily P&L: $-1,600.00

[2026-08-19 14:29] O:7737.50 H:7738.00 L:7735.25 C:7735.75 V:3169.0
  📈 Trend: strong_bullish (raw: moderate_bearish) | 🌍 Regime: ranging
  🗺️  Grid: 0.100% | 🔺 7738.75 🔻 7737.50
  📡 RSI: 45.3 | MACD: 0.22 | ATR: 1.68
  📊 Filled: 1 | Pending: 0
  📍 SHORT @ 7737.75 | SL: 7745.75 | TP: 7727.00 | P&L: $+100.00
  💰 Daily P&L: $-1,600.00

[2026-08-19 14:30] O:7735.75 H:7739.50 L:7735.50 C:7739.25 V:2605.0
  📈 Trend: strong_bullish (raw: moderate_bullish) | 🌍 Regime: ranging
  🗺️  Grid: 0.100% | 🔺 7738.00 🔻 7735.25
  📡 RSI: 59.4 | MACD: 0.33 | ATR: 1.82
  📊 Filled: 1 | Pending: 0
  📍 SHORT @ 7737.75 | SL: 7745.75 | TP: 7727.00 | P&L: $-75.00
  💰 Daily P&L: $-1,600.00

[2026-08-19 14:31] O:7739.25 H:7740.00 L:7739.00 C:7739.75 V:1624.0
  📈 Trend: strong_bullish | 🌍 Regime: ranging
  🗺️  Grid: 0.100% | 🔺 7739.50 🔻 7735.50
  📡 RSI: 60.0 | MACD: 0.45 | ATR: 1.82
  📊 Filled: 1 | Pending: 0
  📍 SHORT @ 7737.75 | SL: 7745.75 | TP: 7727.00 | P&L: $-100.00
  💰 Daily P&L: $-1,600.00

[2026-08-19 14:32] O:7739.50 H:7742.25 L:7739.00 C:7742.00 V:3295.0
  📈 Trend: strong_bullish | 🌍 Regime: ranging
  🗺️  Grid: 0.100% | 🔺 7740.00 🔻 7739.00
  📡 RSI: 61.8 | MACD: 0.72 | ATR: 1.93
  📊 Filled: 1 | Pending: 0
  📍 SHORT @ 7737.75 | SL: 7745.75 | TP: 7727.00 | P&L: $-212.50
  💰 Daily P&L: $-1,600.00

[2026-08-19 14:33] O:7741.75 H:7743.50 L:7741.25 C:7741.50 V:2761.0
  📈 Trend: strong_bullish | 🌍 Regime: ranging
  🗺️  Grid: 0.100% | 🔺 7742.25 🔻 7739.00
  📡 RSI: 55.6 | MACD: 0.89 | ATR: 1.95
  📊 Filled: 1 | Pending: 0
  📍 SHORT @ 7737.75 | SL: 7745.75 | TP: 7727.00 | P&L: $-187.50
  💰 Daily P&L: $-1,600.00

[2026-08-19 14:34] O:7741.50 H:7742.25 L:7741.25 C:7741.50 V:1681.0
  📈 Trend: strong_bullish | 🌍 Regime: ranging
  🗺️  Grid: 0.100% | 🔺 7743.50 🔻 7741.25
  📡 RSI: 56.5 | MACD: 1.01 | ATR: 1.93
  📊 Filled: 1 | Pending: 0
  📍 SHORT @ 7737.75 | SL: 7745.75 | TP: 7727.00 | P&L: $-187.50
  💰 Daily P&L: $-1,600.00

[2026-08-19 14:35] O:7741.50 H:7741.75 L:7736.25 C:7737.50 V:5944.0
  📈 Trend: strong_bullish | 🌍 Regime: ranging
  🗺️  Grid: 0.100% | 🔺 7742.25 🔻 7741.25
  📡 RSI: 53.0 | MACD: 0.77 | ATR: 2.07
  📊 Filled: 1 | Pending: 0
  📍 SHORT @ 7737.75 | SL: 7745.75 | TP: 7727.00 | P&L: $+12.50
  💰 Daily P&L: $-1,600.00

[2026-08-19 14:36] O:7737.50 H:7738.00 L:7734.00 C:7734.25 V:3015.0
  📈 Trend: strong_bullish (raw: moderate_bearish) | 🌍 Regime: ranging
  🗺️  Grid: 0.100% | 🔺 7741.75 🔻 7736.25
  📡 RSI: 39.7 | MACD: 0.31 | ATR: 2.21
  📊 Filled: 1 | Pending: 0
  📍 SHORT @ 7737.75 | SL: 7745.75 | TP: 7727.00 | P&L: $+175.00
  💰 Daily P&L: $-1,600.00

[2026-08-19 14:37] O:7734.00 H:7734.50 L:7732.00 C:7732.25 V:2966.0
  📈 Trend: strong_bullish (raw: strong_bearish) | 🌍 Regime: ranging
  🗺️  Grid: 0.100% | 🔺 7738.00 🔻 7734.00
  📡 RSI: 34.2 | MACD: -0.21 | ATR: 2.32
  📊 Filled: 1 | Pending: 0
  📍 SHORT @ 7737.75 | SL: 7745.75 | TP: 7727.00 | P&L: $+275.00
  💰 Daily P&L: $-1,600.00

[2026-08-19 14:38] O:7732.25 H:7734.00 L:7732.00 C:7733.25 V:2646.0
  📈 Trend: strong_bullish (raw: strong_bearish) | 🌍 Regime: ranging
  🗺️  Grid: 0.100% | 🔺 7734.50 🔻 7732.00
  📡 RSI: 35.8 | MACD: -0.53 | ATR: 2.36
  📊 Filled: 1 | Pending: 0
  📍 SHORT @ 7737.75 | SL: 7745.75 | TP: 7727.00 | P&L: $+225.00
  💰 Daily P&L: $-1,600.00

[2026-08-19 14:39] O:7733.25 H:7734.75 L:7731.25 C:7731.50 V:3072.0
  📈 Trend: strong_bearish | 🌍 Regime: ranging
  🗺️  Grid: 0.100% | 🔺 7734.00 🔻 7732.00
  📡 RSI: 33.7 | MACD: -0.92 | ATR: 2.54
  📊 Filled: 1 | Pending: 0
  📍 SHORT @ 7737.75 | SL: 7745.75 | TP: 7727.00 | P&L: $+312.50
  💰 Daily P&L: $-1,600.00

[2026-08-19 14:40] O:7731.25 H:7733.75 L:7731.25 C:7732.00 V:2700.0
  📈 Trend: strong_bearish | 🌍 Regime: ranging
  🗺️  Grid: 0.100% | 🔺 7734.75 🔻 7731.25
  📡 RSI: 35.6 | MACD: -1.17 | ATR: 2.59
  📊 Filled: 1 | Pending: 0
  📍 SHORT @ 7737.75 | SL: 7745.75 | TP: 7727.00 | P&L: $+287.50
  💰 Daily P&L: $-1,600.00

[2026-08-19 14:41] O:7731.75 H:7732.50 L:7730.75 C:7732.25 V:2712.0
  📈 Trend: strong_bearish | 🌍 Regime: ranging
  🗺️  Grid: 0.100% | 🔺 7733.75 🔻 7731.25
  📡 RSI: 36.4 | MACD: -1.34 | ATR: 2.66
  📊 Filled: 1 | Pending: 0
  📍 SHORT @ 7737.75 | SL: 7745.75 | TP: 7727.00 | P&L: $+275.00
  💰 Daily P&L: $-1,600.00

[2026-08-19 14:42] O:7732.00 H:7732.25 L:7731.00 C:7731.25 V:1806.0
  📈 Trend: strong_bearish | 🌍 Regime: ranging
  🗺️  Grid: 0.100% | 🔺 7732.50 🔻 7730.75
  📡 RSI: 36.0 | MACD: -1.53 | ATR: 2.66
  📊 Filled: 1 | Pending: 0
  📍 SHORT @ 7737.75 | SL: 7745.75 | TP: 7727.00 | P&L: $+325.00
  💰 Daily P&L: $-1,600.00

[2026-08-19 14:43] O:7731.25 H:7731.50 L:7729.50 C:7730.50 V:2731.0
  📈 Trend: strong_bearish | 🌍 Regime: ranging
  🗺️  Grid: 0.100% | 🔺 7732.25 🔻 7731.00
  📡 RSI: 37.6 | MACD: -1.73 | ATR: 2.61
  📊 Filled: 1 | Pending: 0
  📍 SHORT @ 7737.75 | SL: 7745.75 | TP: 7727.00 | P&L: $+362.50
  💰 Daily P&L: $-1,600.00

[2026-08-19 14:44] O:7730.50 H:7730.75 L:7729.25 C:7729.50 V:1948.0
  📈 Trend: strong_bearish | 🌍 Regime: ranging
  🗺️  Grid: 0.100% | 🔺 7731.50 🔻 7729.50
  📡 RSI: 24.0 | MACD: -1.94 | ATR: 2.43
  📊 Filled: 1 | Pending: 0
  📍 SHORT @ 7737.75 | SL: 7745.75 | TP: 7727.00 | P&L: $+412.50
  💰 Daily P&L: $-1,600.00

[2026-08-19 14:45] O:7729.25 H:7730.50 L:7727.75 C:7728.00 V:3568.0
  📈 Trend: strong_bearish | 🌍 Regime: ranging
  🗺️  Grid: 0.100% | 🔺 7730.75 🔻 7729.25
  📡 RSI: 20.3 | MACD: -2.20 | ATR: 2.55
  📊 Filled: 1 | Pending: 0
  📍 SHORT @ 7737.75 | SL: 7745.75 | TP: 7727.00 | P&L: $+487.50
  💰 Daily P&L: $-1,600.00
  📋 Order 292 status: Cancelled
  ✅ Fill: BOT 1.0 @ 7727.0
  📋 Order 293 status: Filled

[2026-08-19 14:46] O:7727.75 H:7728.25 L:7726.75 C:7727.00 V:2986.0
  📈 Trend: strong_bearish | 🌍 Regime: ranging
  🗺️  Grid: 0.100% | 🔺 7730.50 🔻 7727.75
  📡 RSI: 9.5 | MACD: -2.46 | ATR: 2.43
  📊 Filled: 1 | Pending: 0
  📍 SHORT @ 7737.75 | SL: 7745.75 | TP: 7727.00 | P&L: $+537.50
  ✅ EXIT SHORT @ 7727.00 | Take Profit
     P&L: +10.75 pts ($+537.50) | Daily: $-1,062.50
  ⏸️ Cooldown: 2 bar(s) remaining after exit
  💰 Daily P&L: $-1,062.50

[2026-08-19 14:47] O:7727.00 H:7727.75 L:7724.75 C:7727.50 V:3888.0
  📈 Trend: strong_bearish | 🌍 Regime: ranging
  🗺️  Grid: 0.100% | 🔺 7728.25 🔻 7726.75
  📡 RSI: 12.2 | MACD: -2.60 | ATR: 2.48
  📊 Filled: 0 | Pending: 0
  ⏸️ Cooldown: 1 bar(s) remaining after exit
  💰 Daily P&L: $-1,062.50

[2026-08-19 14:48] O:7727.50 H:7729.50 L:7726.25 C:7726.75 V:3002.0
  📈 Trend: strong_bearish | 🌍 Regime: ranging
  🗺️  Grid: 0.100% | 🔺 7727.75 🔻 7724.75
  📡 RSI: 11.7 | MACD: -2.74 | ATR: 2.64
  📊 Filled: 0 | Pending: 0
  🔴 Pullback SHORT | RSI 74.2→11.7 turning down in strong_bearish
  📤 Limit SELL 1 @ 7725.25 submitted (ID: 294)
  📋 Order 294 status: PreSubmitted
  ✅ Fill: SLD 1.0 @ 7726.25
  📋 Order 294 status: Filled
  ⬇️ SHORT ORDER @ 7725.25 | Size: 1.00 | SL: 7734.25 | TP: 7711.75 [1cts]
     Reason: Grid Short (strong_bearish, RSI: 11.7)
  🔬 SHADOW [short trending]: 🟩 ROBUST WOULD ALLOW
       MACD=PASS (-2.74 vs -2.60, Δ-0.14) | 5m=PASS (1m=strong_bearish, 5m=sideways)
     ⏳ Order 294 PENDING - awaiting fill confirmation
  💰 Daily P&L: $-1,062.50
  📤 Stop-Market BUY 1 @ 7734.25 submitted (ID: 295) [OCA:exit_294_1787169006]
  📋 Order 295 status: PreSubmitted
  📤 Limit BUY 1 @ 7715.50 submitted (ID: 296) [OCA:exit_294_1787169006]
  📋 Order 296 status: PreSubmitted
  ✅ FILL CONFIRMED: SHORT @ 7726.25 (order 294)
     📊 Bracket placed: SL #295 @ 7734.25 | TP #296 @ 7715.50
     Trail activates @ +7.5 pts

[2026-08-19 14:49] O:7726.75 H:7727.75 L:7726.25 C:7727.25 V:2466.0
  📈 Trend: strong_bearish | 🌍 Regime: ranging
  🗺️  Grid: 0.100% | 🔺 7729.50 🔻 7726.25
  📡 RSI: 17.5 | MACD: -2.77 | ATR: 2.36
  📊 Filled: 1 | Pending: 0
  📍 SHORT @ 7726.25 | SL: 7734.25 | TP: 7715.50 | P&L: $-50.00
  💰 Daily P&L: $-1,062.50
  📋 Order 296 status: Submitted

[2026-08-19 14:50] O:7727.25 H:7727.25 L:7722.25 C:7724.00 V:7349.0
  📈 Trend: strong_bearish | 🌍 Regime: ranging
  🗺️  Grid: 0.100% | 🔺 7727.75 🔻 7726.25
  📡 RSI: 17.5 | MACD: -3.03 | ATR: 2.43
  📊 Filled: 1 | Pending: 0
  📍 SHORT @ 7726.25 | SL: 7734.25 | TP: 7715.50 | P&L: $+112.50
  💰 Daily P&L: $-1,062.50

[2026-08-19 14:51] O:7724.00 H:7725.25 L:7723.50 C:7724.00 V:2963.0
  📈 Trend: strong_bearish | 🌍 Regime: ranging
  🗺️  Grid: 0.100% | 🔺 7727.25 🔻 7722.25
  📡 RSI: 20.0 | MACD: -3.20 | ATR: 2.38
  📊 Filled: 1 | Pending: 0
  📍 SHORT @ 7726.25 | SL: 7734.25 | TP: 7715.50 | P&L: $+112.50
  💰 Daily P&L: $-1,062.50

[2026-08-19 14:52] O:7724.00 H:7725.25 L:7722.25 C:7724.50 V:3695.0
  📈 Trend: strong_bearish | 🌍 Regime: ranging
  🗺️  Grid: 0.100% | 🔺 7725.25 🔻 7723.50
  📡 RSI: 17.0 | MACD: -3.25 | ATR: 2.45
  📊 Filled: 1 | Pending: 0
  📍 SHORT @ 7726.25 | SL: 7734.25 | TP: 7715.50 | P&L: $+87.50
  💰 Daily P&L: $-1,062.50

[2026-08-19 14:53] O:7724.50 H:7727.00 L:7724.00 C:7725.50 V:3983.0
  📈 Trend: strong_bearish | 🌍 Regime: ranging
  🗺️  Grid: 0.100% | 🔺 7725.25 🔻 7722.25
  📡 RSI: 26.0 | MACD: -3.18 | ATR: 2.41
  📊 Filled: 1 | Pending: 0
  📍 SHORT @ 7726.25 | SL: 7734.25 | TP: 7715.50 | P&L: $+37.50
  💰 Daily P&L: $-1,062.50

[2026-08-19 14:54] O:7725.50 H:7728.50 L:7725.00 C:7727.00 V:6188.0
  📈 Trend: strong_bearish | 🌍 Regime: ranging
  🗺️  Grid: 0.100% | 🔺 7727.00 🔻 7724.00
  📡 RSI: 31.5 | MACD: -2.96 | ATR: 2.48
  📊 Filled: 1 | Pending: 0
  📍 SHORT @ 7726.25 | SL: 7734.25 | TP: 7715.50 | P&L: $-37.50
  💰 Daily P&L: $-1,062.50

[2026-08-19 14:55] O:7727.00 H:7727.25 L:7721.75 C:7722.75 V:8544.0
  📈 Trend: strong_bearish | 🌍 Regime: ranging
  🗺️  Grid: 0.100% | 🔺 7728.50 🔻 7725.00
  📡 RSI: 22.9 | MACD: -3.10 | ATR: 2.75
  📊 Filled: 1 | Pending: 0
  📍 SHORT @ 7726.25 | SL: 7734.25 | TP: 7715.50 | P&L: $+175.00
  💰 Daily P&L: $-1,062.50

[2026-08-19 14:56] O:7722.75 H:7725.25 L:7722.25 C:7724.50 V:5523.0
  📈 Trend: strong_bearish | 🌍 Regime: ranging
  🗺️  Grid: 0.100% | 🔺 7727.25 🔻 7721.75
  📡 RSI: 31.5 | MACD: -3.03 | ATR: 2.88
  📊 Filled: 1 | Pending: 0
  📍 SHORT @ 7726.25 | SL: 7734.25 | TP: 7715.50 | P&L: $+87.50
  💰 Daily P&L: $-1,062.50

[2026-08-19 14:57] O:7724.50 H:7727.50 L:7724.50 C:7727.25 V:5256.0
  📈 Trend: strong_bearish | 🌍 Regime: ranging
  🗺️  Grid: 0.100% | 🔺 7725.25 🔻 7722.25
  📡 RSI: 42.0 | MACD: -2.73 | ATR: 2.95
  📊 Filled: 1 | Pending: 0
  📍 SHORT @ 7726.25 | SL: 7734.25 | TP: 7715.50 | P&L: $-50.00
  💰 Daily P&L: $-1,062.50

[2026-08-19 14:58] O:7727.50 H:7729.00 L:7726.50 C:7728.50 V:7977.0
  📈 Trend: strong_bearish | 🌍 Regime: ranging
  🗺️  Grid: 0.100% | 🔺 7727.50 🔻 7724.50
  📡 RSI: 47.6 | MACD: -2.35 | ATR: 3.02
  📊 Filled: 1 | Pending: 0
  📍 SHORT @ 7726.25 | SL: 7734.25 | TP: 7715.50 | P&L: $-112.50
  💰 Daily P&L: $-1,062.50

[2026-08-19 14:59] O:7728.50 H:7731.75 L:7725.00 C:7731.50 V:51950.0
  📈 Trend: strong_bearish | 🌍 Regime: ranging
  🗺️  Grid: 0.100% | 🔺 7729.00 🔻 7726.50
  📡 RSI: 58.0 | MACD: -1.80 | ATR: 3.30
  📊 Filled: 1 | Pending: 0
  📍 SHORT @ 7726.25 | SL: 7734.25 | TP: 7715.50 | P&L: $-262.50
  💰 Daily P&L: $-1,062.50

[2026-08-19 15:00] O:7731.25 H:7732.75 L:7730.50 C:7732.50 V:11975.0
  📈 Trend: strong_bearish (raw: moderate_bearish) | 🌍 Regime: ranging
  🗺️  Grid: 0.100% | 🔺 7731.75 🔻 7725.00
  📡 RSI: 62.5 | MACD: -1.26 | ATR: 3.36
  📊 Filled: 1 | Pending: 0
  📍 SHORT @ 7726.25 | SL: 7734.25 | TP: 7715.50 | P&L: $-312.50
  💰 Daily P&L: $-1,062.50

[2026-08-19 15:01] O:7732.25 H:7732.50 L:7730.25 C:7731.00 V:2115.0
  📈 Trend: strong_bearish | 🌍 Regime: ranging
  🗺️  Grid: 0.100% | 🔺 7732.75 🔻 7730.50
  📡 RSI: 57.6 | MACD: -0.95 | ATR: 3.30
  📊 Filled: 1 | Pending: 0
  📍 SHORT @ 7726.25 | SL: 7734.25 | TP: 7715.50 | P&L: $-237.50
  💰 Daily P&L: $-1,062.50

[2026-08-19 15:02] O:7730.75 H:7730.75 L:7729.00 C:7730.00 V:1461.0
  📈 Trend: strong_bearish | 🌍 Regime: ranging
  🗺️  Grid: 0.100% | 🔺 7732.50 🔻 7730.25
  📡 RSI: 57.0 | MACD: -0.77 | ATR: 3.21
  📊 Filled: 1 | Pending: 0
  📍 SHORT @ 7726.25 | SL: 7734.25 | TP: 7715.50 | P&L: $-187.50
  💰 Daily P&L: $-1,062.50

[2026-08-19 15:03] O:7729.75 H:7730.75 L:7729.50 C:7729.75 V:1269.0
  📈 Trend: strong_bearish (raw: moderate_bearish) | 🌍 Regime: ranging
  🗺️  Grid: 0.100% | 🔺 7730.75 🔻 7729.00
  📡 RSI: 55.4 | MACD: -0.64 | ATR: 3.20
  📊 Filled: 1 | Pending: 0
  📍 SHORT @ 7726.25 | SL: 7734.25 | TP: 7715.50 | P&L: $-175.00
  💰 Daily P&L: $-1,062.50

[2026-08-19 15:04] O:7729.50 H:7730.00 L:7729.00 C:7729.75 V:1124.0
  📈 Trend: strong_bearish (raw: moderate_bearish) | 🌍 Regime: ranging
  🗺️  Grid: 0.100% | 🔺 7730.75 🔻 7729.50
  📡 RSI: 64.6 | MACD: -0.53 | ATR: 2.91
  📊 Filled: 1 | Pending: 0
  📍 SHORT @ 7726.25 | SL: 7734.25 | TP: 7715.50 | P&L: $-175.00
  💰 Daily P&L: $-1,062.50

[2026-08-19 15:05] O:7730.00 H:7730.00 L:7726.50 C:7727.00 V:2095.0
  📈 Trend: strong_bearish | 🌍 Regime: ranging
  🗺️  Grid: 0.100% | 🔺 7730.00 🔻 7729.00
  📡 RSI: 56.7 | MACD: -0.66 | ATR: 3.04
  📊 Filled: 1 | Pending: 0
  📍 SHORT @ 7726.25 | SL: 7734.25 | TP: 7715.50 | P&L: $-37.50
  💰 Daily P&L: $-1,062.50

[2026-08-19 15:06] O:7727.00 H:7728.50 L:7725.75 C:7728.00 V:2065.0
  📈 Trend: strong_bearish (raw: moderate_bearish) | 🌍 Regime: ranging
  🗺️  Grid: 0.100% | 🔺 7730.00 🔻 7726.50
  📡 RSI: 57.6 | MACD: -0.68 | ATR: 3.02
  📊 Filled: 1 | Pending: 0
  📍 SHORT @ 7726.25 | SL: 7734.25 | TP: 7715.50 | P&L: $-87.50
  💰 Daily P&L: $-1,062.50

[2026-08-19 15:07] O:7727.75 H:7729.25 L:7727.75 C:7729.25 V:942.0
  📈 Trend: strong_bearish (raw: moderate_bearish) | 🌍 Regime: ranging
  🗺️  Grid: 0.100% | 🔺 7728.50 🔻 7725.75
  📡 RSI: 58.1 | MACD: -0.58 | ATR: 2.91
  📊 Filled: 1 | Pending: 0
  📍 SHORT @ 7726.25 | SL: 7734.25 | TP: 7715.50 | P&L: $-150.00
  💰 Daily P&L: $-1,062.50

[2026-08-19 15:08] O:7729.50 H:7729.75 L:7729.00 C:7729.50 V:408.0
  📈 Trend: moderate_bearish | 🌍 Regime: ranging
  🗺️  Grid: 0.100% | 🔺 7729.25 🔻 7727.75
  📡 RSI: 55.7 | MACD: -0.48 | ATR: 2.71
  📊 Filled: 1 | Pending: 0
  📍 SHORT @ 7726.25 | SL: 7734.25 | TP: 7715.50 | P&L: $-162.50
  💰 Daily P&L: $-1,062.50

[2026-08-19 15:09] O:7729.50 H:7730.25 L:7729.25 C:7729.25 V:383.0
  📈 Trend: moderate_bearish | 🌍 Regime: ranging
  🗺️  Grid: 0.100% | 🔺 7729.75 🔻 7729.00
  📡 RSI: 68.1 | MACD: -0.41 | ATR: 2.39
  📊 Filled: 1 | Pending: 0
  📍 SHORT @ 7726.25 | SL: 7734.25 | TP: 7715.50 | P&L: $-150.00
  💰 Daily P&L: $-1,062.50

[2026-08-19 15:10] O:7729.25 H:7730.00 L:7729.25 C:7729.75 V:460.0
  📈 Trend: moderate_bearish | 🌍 Regime: ranging
  🗺️  Grid: 0.100% | 🔺 7730.25 🔻 7729.25
  📡 RSI: 65.7 | MACD: -0.31 | ATR: 2.23
  📊 Filled: 1 | Pending: 0
  📍 SHORT @ 7726.25 | SL: 7734.25 | TP: 7715.50 | P&L: $-175.00
  💰 Daily P&L: $-1,062.50

[2026-08-19 15:11] O:7729.50 H:7730.25 L:7729.50 C:7729.50 V:810.0
  📈 Trend: moderate_bearish | 🌍 Regime: ranging
  🗺️  Grid: 0.100% | 🔺 7730.00 🔻 7729.25
  📡 RSI: 57.9 | MACD: -0.26 | ATR: 2.07
  📊 Filled: 1 | Pending: 0
  📍 SHORT @ 7726.25 | SL: 7734.25 | TP: 7715.50 | P&L: $-162.50
  💰 Daily P&L: $-1,062.50

[2026-08-19 15:12] O:7729.25 H:7730.00 L:7728.50 C:7728.50 V:652.0
  📈 Trend: moderate_bearish | 🌍 Regime: ranging
  🗺️  Grid: 0.100% | 🔺 7730.25 🔻 7729.50
  📡 RSI: 50.0 | MACD: -0.29 | ATR: 2.00
  📊 Filled: 1 | Pending: 0
  📍 SHORT @ 7726.25 | SL: 7734.25 | TP: 7715.50 | P&L: $-112.50
  💰 Daily P&L: $-1,062.50

[2026-08-19 15:13] O:7728.50 H:7730.25 L:7728.50 C:7729.25 V:523.0
  📈 Trend: moderate_bearish | 🌍 Regime: ranging
  🗺️  Grid: 0.100% | 🔺 7730.00 🔻 7728.50
  📡 RSI: 40.4 | MACD: -0.25 | ATR: 1.64
  📊 Filled: 1 | Pending: 0
  📍 SHORT @ 7726.25 | SL: 7734.25 | TP: 7715.50 | P&L: $-150.00
  💰 Daily P&L: $-1,062.50

[2026-08-19 15:14] O:7729.25 H:7729.50 L:7728.50 C:7728.50 V:578.0
  📈 Trend: moderate_bearish | 🌍 Regime: ranging
  🗺️  Grid: 0.100% | 🔺 7730.25 🔻 7728.50
  📡 RSI: 32.6 | MACD: -0.27 | ATR: 1.55
  📊 Filled: 1 | Pending: 0
  📍 SHORT @ 7726.25 | SL: 7734.25 | TP: 7715.50 | P&L: $-112.50
  💰 Daily P&L: $-1,062.50

[2026-08-19 15:15] O:7728.50 H:7728.75 L:7727.00 C:7727.75 V:518.0
  📈 Trend: moderate_bearish | 🌍 Regime: ranging
  🗺️  Grid: 0.100% | 🔺 7729.50 🔻 7728.50
  📡 RSI: 34.9 | MACD: -0.35 | ATR: 1.52
  📊 Filled: 1 | Pending: 0
  📍 SHORT @ 7726.25 | SL: 7734.25 | TP: 7715.50 | P&L: $-75.00
  💰 Daily P&L: $-1,062.50

[2026-08-19 15:16] O:7727.50 H:7728.50 L:7727.25 C:7727.75 V:540.0
  📈 Trend: moderate_bearish | 🌍 Regime: ranging
  🗺️  Grid: 0.100% | 🔺 7728.75 🔻 7727.00
  📡 RSI: 38.5 | MACD: -0.41 | ATR: 1.46
  📊 Filled: 1 | Pending: 0
  📍 SHORT @ 7726.25 | SL: 7734.25 | TP: 7715.50 | P&L: $-75.00
  💰 Daily P&L: $-1,062.50

[2026-08-19 15:17] O:7728.00 H:7728.25 L:7726.75 C:7727.00 V:829.0
  📈 Trend: moderate_bearish (raw: strong_bearish) | 🌍 Regime: ranging
  🗺️  Grid: 0.100% | 🔺 7728.50 🔻 7727.25
  📡 RSI: 36.6 | MACD: -0.51 | ATR: 1.48
  📊 Filled: 1 | Pending: 0
  📍 SHORT @ 7726.25 | SL: 7734.25 | TP: 7715.50 | P&L: $-37.50
  💰 Daily P&L: $-1,062.50

[2026-08-19 15:18] O:7727.00 H:7727.75 L:7726.25 C:7727.75 V:570.0
  📈 Trend: moderate_bearish (raw: strong_bearish) | 🌍 Regime: ranging
  🗺️  Grid: 0.100% | 🔺 7728.25 🔻 7726.75
  📡 RSI: 40.9 | MACD: -0.52 | ATR: 1.52
  📊 Filled: 1 | Pending: 0
  📍 SHORT @ 7726.25 | SL: 7734.25 | TP: 7715.50 | P&L: $-75.00
  💰 Daily P&L: $-1,062.50

[2026-08-19 15:19] O:7727.75 H:7728.50 L:7727.25 C:7727.25 V:623.0
  📈 Trend: strong_bearish | 🌍 Regime: ranging
  🗺️  Grid: 0.100% | 🔺 7727.75 🔻 7726.25
  📡 RSI: 51.4 | MACD: -0.56 | ATR: 1.36
  📊 Filled: 1 | Pending: 0
  📍 SHORT @ 7726.25 | SL: 7734.25 | TP: 7715.50 | P&L: $-50.00
  📋 Order 295 status: PendingCancel
  📋 Order 295 status: Cancelled
  📋 Order 296 status: PendingCancel
  📋 Order 296 status: Cancelled
  📤 Market BUY 1 contracts submitted (ID: 297)
  📋 Order 297 status: PreSubmitted
  ✅ Fill: BOT 1.0 @ 7696.0
  📋 Order 297 status: Filled
  ❌ CLOSE SHORT @ 7696.00 (trigger: 7727.25) | P&L: $+1,512.50 | Time Exit
     Daily P&L: $+450.00 | Equity: $100,450.00
  ⏸️ Cooldown: 2 bar(s) remaining after exit
  💰 Daily P&L: $+450.00

📅 New trading day. Previous day P&L: $+450.00

[2026-08-20 07:30] O:7687.50 H:7687.75 L:7687.25 C:7687.50 V:53.0
  📈 Trend: strong_bearish | 🌍 Regime: ranging
  🗺️  Grid: 0.100% | 🔺 7728.50 🔻 7727.25
  📡 RSI: 7.4 | MACD: -3.76 | ATR: 4.02
  📊 Filled: 0 | Pending: 0
  ⏸️ Cooldown: 1 bar(s) remaining after exit
  💰 Daily P&L: $+0.00

[2026-08-20 07:31] O:7687.25 H:7687.50 L:7685.00 C:7685.25 V:619.0
  📈 Trend: strong_bearish | 🌍 Regime: ranging
  🗺️  Grid: 0.100% | 🔺 7687.75 🔻 7687.25
  📡 RSI: 4.6 | MACD: -6.41 | ATR: 4.09
  📊 Filled: 0 | Pending: 0
  💰 Daily P&L: $+0.00

[2026-08-20 07:32] O:7685.25 H:7687.00 L:7684.75 C:7686.75 V:672.0
  📈 Trend: strong_bearish | 🌍 Regime: ranging
  🗺️  Grid: 0.100% | 🔺 7687.50 🔻 7685.00
  📡 RSI: 7.0 | MACD: -8.28 | ATR: 4.20
  📊 Filled: 0 | Pending: 0
  💰 Daily P&L: $+0.00

[2026-08-20 07:33] O:7686.75 H:7687.00 L:7683.75 C:7685.50 V:1004.0
  📈 Trend: strong_bearish | 🌍 Regime: ranging
  🗺️  Grid: 0.100% | 🔺 7687.00 🔻 7684.75
  📡 RSI: 6.9 | MACD: -9.76 | ATR: 4.36
  📊 Filled: 0 | Pending: 0
  💰 Daily P&L: $+0.00

[2026-08-20 07:34] O:7685.50 H:7687.00 L:7684.50 C:7685.75 V:765.0
  📈 Trend: strong_bearish | 🌍 Regime: ranging
  🗺️  Grid: 0.100% | 🔺 7687.00 🔻 7683.75
  📡 RSI: 6.4 | MACD: -10.79 | ATR: 4.48
  📊 Filled: 0 | Pending: 0
  💰 Daily P&L: $+0.00

[2026-08-20 07:35] O:7685.50 H:7685.75 L:7682.00 C:7682.75 V:1104.0
  📈 Trend: strong_bearish | 🌍 Regime: ranging
  🗺️  Grid: 0.100% | 🔺 7687.00 🔻 7684.50
  📡 RSI: 6.1 | MACD: -11.71 | ATR: 4.70
  📊 Filled: 0 | Pending: 0
  💰 Daily P&L: $+0.00

[2026-08-20 07:36] O:7682.50 H:7684.00 L:7680.25 C:7683.75 V:2410.0
  📈 Trend: strong_bearish | 🌍 Regime: trending_bearish
  🗺️  Grid: 0.100% | 🔺 7685.75 🔻 7682.00
  📡 RSI: 8.0 | MACD: -12.21 | ATR: 4.86
  📊 Filled: 0 | Pending: 0
  💰 Daily P&L: $+0.00

[2026-08-20 07:37] O:7683.50 H:7684.75 L:7681.75 C:7684.25 V:1289.0
  📈 Trend: strong_bearish | 🌍 Regime: trending_bearish
  🗺️  Grid: 0.100% | 🔺 7684.00 🔻 7680.25
  📡 RSI: 7.5 | MACD: -12.43 | ATR: 4.95
  📊 Filled: 0 | Pending: 0
  💰 Daily P&L: $+0.00

[2026-08-20 07:38] O:7684.50 H:7684.75 L:7682.50 C:7683.75 V:714.0
  📈 Trend: strong_bearish | 🌍 Regime: trending_bearish
  🗺️  Grid: 0.100% | 🔺 7684.75 🔻 7681.75
  📡 RSI: 7.6 | MACD: -12.50 | ATR: 5.04
  📊 Filled: 0 | Pending: 0
  💰 Daily P&L: $+0.00

[2026-08-20 07:39] O:7683.75 H:7686.75 L:7683.00 C:7686.25 V:1178.0
  📈 Trend: strong_bearish | 🌍 Regime: trending_bearish
  🗺️  Grid: 0.101% | 🔺 7684.75 🔻 7682.50
  📡 RSI: 11.9 | MACD: -12.21 | ATR: 5.18
  📊 Filled: 0 | Pending: 0
  💰 Daily P&L: $+0.00

[2026-08-20 07:40] O:7686.25 H:7688.50 L:7685.00 C:7688.50 V:743.0
  📈 Trend: strong_bearish | 🌍 Regime: trending_bearish
  🗺️  Grid: 0.104% | 🔺 7686.75 🔻 7683.00
  📡 RSI: 15.4 | MACD: -11.67 | ATR: 5.34
  📊 Filled: 0 | Pending: 0
  💰 Daily P&L: $+0.00

[2026-08-20 07:41] O:7688.25 H:7688.25 L:7687.00 C:7687.25 V:988.0
  📈 Trend: strong_bearish | 🌍 Regime: trending_bearish
  🗺️  Grid: 0.104% | 🔺 7688.50 🔻 7685.00
  📡 RSI: 15.3 | MACD: -11.21 | ATR: 5.34
  📊 Filled: 0 | Pending: 0
  💰 Daily P&L: $+0.00

[2026-08-20 07:42] O:7687.25 H:7687.75 L:7686.25 C:7686.75 V:1104.0
  📈 Trend: strong_bearish | 🌍 Regime: trending_bearish
  🗺️  Grid: 0.104% | 🔺 7688.25 🔻 7687.00
  📡 RSI: 14.0 | MACD: -10.76 | ATR: 5.34
  📊 Filled: 0 | Pending: 0
  💰 Daily P&L: $+0.00

[2026-08-20 07:43] O:7687.00 H:7689.00 L:7686.00 C:7688.25 V:1104.0
  📈 Trend: strong_bearish | 🌍 Regime: trending_bearish
  🗺️  Grid: 0.107% | 🔺 7687.75 🔻 7686.25
  📡 RSI: 16.4 | MACD: -10.17 | ATR: 5.46
  📊 Filled: 0 | Pending: 0
  💰 Daily P&L: $+0.00

[2026-08-20 07:44] O:7688.25 H:7688.75 L:7687.50 C:7688.75 V:924.0
  📈 Trend: strong_bearish | 🌍 Regime: ranging
  🗺️  Grid: 0.100% | 🔺 7689.00 🔻 7686.00
  📡 RSI: 53.3 | MACD: -9.55 | ATR: 2.70
  📊 Filled: 0 | Pending: 0
  💰 Daily P&L: $+0.00

[2026-08-20 07:45] O:7688.75 H:7689.00 L:7687.75 C:7688.50 V:1215.0
  📈 Trend: strong_bearish | 🌍 Regime: ranging
  🗺️  Grid: 0.100% | 🔺 7688.75 🔻 7687.50
  📡 RSI: 59.7 | MACD: -8.97 | ATR: 2.61
  📊 Filled: 0 | Pending: 0
  💰 Daily P&L: $+0.00

[2026-08-20 07:46] O:7688.50 H:7691.00 L:7688.00 C:7690.25 V:1243.0
  📈 Trend: strong_bearish | 🌍 Regime: ranging
  🗺️  Grid: 0.100% | 🔺 7689.00 🔻 7687.75
  📡 RSI: 60.3 | MACD: -8.28 | ATR: 2.66
  📊 Filled: 0 | Pending: 0
  💰 Daily P&L: $+0.00

[2026-08-20 07:47] O:7690.50 H:7691.25 L:7690.00 C:7691.00 V:683.0
  📈 Trend: strong_bearish | 🌍 Regime: ranging
  🗺️  Grid: 0.100% | 🔺 7691.00 🔻 7688.00
  📡 RSI: 66.7 | MACD: -7.59 | ATR: 2.52
  📊 Filled: 0 | Pending: 0
  💰 Daily P&L: $+0.00

[2026-08-20 07:48] O:7691.00 H:7691.75 L:7690.50 C:7691.25 V:663.0
  📈 Trend: strong_bearish | 🌍 Regime: ranging
  🗺️  Grid: 0.100% | 🔺 7691.25 🔻 7690.00
  📡 RSI: 66.7 | MACD: -6.93 | ATR: 2.43
  📊 Filled: 0 | Pending: 0
  💰 Daily P&L: $+0.00

[2026-08-20 07:49] O:7691.25 H:7693.00 L:7691.25 C:7693.00 V:773.0
  📈 Trend: strong_bearish (raw: moderate_bearish) | 🌍 Regime: ranging
  🗺️  Grid: 0.100% | 🔺 7691.75 🔻 7690.50
  📡 RSI: 83.6 | MACD: -6.20 | ATR: 2.29
  📊 Filled: 0 | Pending: 0
  💰 Daily P&L: $+0.00

[2026-08-20 07:50] O:7693.00 H:7694.00 L:7692.75 C:7693.75 V:712.0
  📈 Trend: strong_bearish (raw: moderate_bearish) | 🌍 Regime: ranging
  🗺️  Grid: 0.100% | 🔺 7693.00 🔻 7691.25
  📡 RSI: 83.3 | MACD: -5.50 | ATR: 2.11
  📊 Filled: 0 | Pending: 0
  🔴 Pullback SHORT | RSI 83.6→83.3 turning down in strong_bearish
  📤 Limit SELL 1 @ 7692.25 submitted (ID: 299)
  📋 Order 299 status: PreSubmitted
  ✅ Fill: SLD 1.0 @ 7695.75
  📋 Order 299 status: Filled
  ⬇️ SHORT ORDER @ 7692.25 | Size: 1.00 | SL: 7701.25 | TP: 7678.75 [1cts]
     Reason: Grid Short (strong_bearish, RSI: 83.3)
  🔬 SHADOW [short trending]: 🟥 ROBUST WOULD BLOCK (1 filter)
       MACD=BLOCK (-5.50 vs -6.20, Δ+0.70) | 5m=PASS (1m=strong_bearish, 5m=sideways)
     ⏳ Order 299 PENDING - awaiting fill confirmation
  💰 Daily P&L: $+0.00
  📤 Stop-Market BUY 1 @ 7703.75 submitted (ID: 300) [OCA:exit_299_1787231549]
  📋 Order 300 status: PreSubmitted
  📤 Limit BUY 1 @ 7685.00 submitted (ID: 301) [OCA:exit_299_1787231549]
  📋 Order 301 status: PreSubmitted
  ✅ FILL CONFIRMED: SHORT @ 7695.75 (order 299)
     📊 Bracket placed: SL #300 @ 7703.75 | TP #301 @ 7685.00
     Trail activates @ +7.5 pts

[2026-08-20 07:51] O:7693.75 H:7694.75 L:7692.00 C:7693.25 V:1116.0
  📈 Trend: moderate_bearish | 🌍 Regime: ranging
  🗺️  Grid: 0.100% | 🔺 7694.00 🔻 7692.75
  📡 RSI: 80.0 | MACD: -4.93 | ATR: 2.09
  📊 Filled: 1 | Pending: 0
  📍 SHORT @ 7695.75 | SL: 7703.75 | TP: 7685.00 | P&L: $+125.00
  💰 Daily P&L: $+0.00

[2026-08-20 07:52] O:7693.50 H:7694.75 L:7693.25 C:7694.50 V:1086.0
  📈 Trend: moderate_bearish | 🌍 Regime: ranging
  🗺️  Grid: 0.100% | 🔺 7694.75 🔻 7692.00
  📡 RSI: 84.1 | MACD: -4.32 | ATR: 2.04
  📊 Filled: 1 | Pending: 0
  📍 SHORT @ 7695.75 | SL: 7703.75 | TP: 7685.00 | P&L: $+62.50
  💰 Daily P&L: $+0.00

[2026-08-20 07:53] O:7694.25 H:7695.50 L:7694.00 C:7694.75 V:1264.0
  📈 Trend: moderate_bearish | 🌍 Regime: ranging
  🗺️  Grid: 0.100% | 🔺 7694.75 🔻 7693.25
  📡 RSI: 81.5 | MACD: -3.78 | ATR: 1.88
  📊 Filled: 1 | Pending: 0
  📍 SHORT @ 7695.75 | SL: 7703.75 | TP: 7685.00 | P&L: $+50.00
  💰 Daily P&L: $+0.00

[2026-08-20 07:54] O:7694.75 H:7697.00 L:7694.75 C:7696.75 V:844.0
  📈 Trend: moderate_bearish | 🌍 Regime: ranging
  🗺️  Grid: 0.100% | 🔺 7695.50 🔻 7694.00
  📡 RSI: 81.1 | MACD: -3.15 | ATR: 1.79
  📊 Filled: 1 | Pending: 0
  📍 SHORT @ 7695.75 | SL: 7703.75 | TP: 7685.00 | P&L: $-50.00
  💰 Daily P&L: $+0.00

[2026-08-20 07:55] O:7696.75 H:7697.00 L:7695.25 C:7696.25 V:661.0
  📈 Trend: moderate_bearish | 🌍 Regime: ranging
  🗺️  Grid: 0.100% | 🔺 7697.00 🔻 7694.75
  📡 RSI: 86.0 | MACD: -2.66 | ATR: 1.80
  📊 Filled: 1 | Pending: 0
  📍 SHORT @ 7695.75 | SL: 7703.75 | TP: 7685.00 | P&L: $-25.00
  💰 Daily P&L: $+0.00

[2026-08-20 07:56] O:7696.50 H:7696.75 L:7695.25 C:7695.75 V:509.0
  📈 Trend: moderate_bearish | 🌍 Regime: ranging
  🗺️  Grid: 0.100% | 🔺 7697.00 🔻 7695.25
  📡 RSI: 86.0 | MACD: -2.29 | ATR: 1.80
  📊 Filled: 1 | Pending: 0
  📍 SHORT @ 7695.75 | SL: 7703.75 | TP: 7685.00 | P&L: $+0.00
  💰 Daily P&L: $+0.00

[2026-08-20 07:57] O:7696.00 H:7696.00 L:7694.50 C:7695.25 V:611.0
  📈 Trend: moderate_bearish | 🌍 Regime: ranging
  🗺️  Grid: 0.100% | 🔺 7696.75 🔻 7695.25
  📡 RSI: 80.4 | MACD: -2.01 | ATR: 1.70
  📊 Filled: 1 | Pending: 0
  📍 SHORT @ 7695.75 | SL: 7703.75 | TP: 7685.00 | P&L: $+25.00
  💰 Daily P&L: $+0.00

[2026-08-20 07:58] O:7695.25 H:7696.25 L:7695.00 C:7696.25 V:389.0
  📈 Trend: moderate_bearish | 🌍 Regime: ranging
  🗺️  Grid: 0.100% | 🔺 7696.00 🔻 7694.50
  📡 RSI: 81.2 | MACD: -1.69 | ATR: 1.70
  📊 Filled: 1 | Pending: 0
  📍 SHORT @ 7695.75 | SL: 7703.75 | TP: 7685.00 | P&L: $-25.00
  💰 Daily P&L: $+0.00

[2026-08-20 07:59] O:7696.00 H:7697.50 L:7696.00 C:7696.75 V:939.0
  📈 Trend: moderate_bearish | 🌍 Regime: ranging
  🗺️  Grid: 0.100% | 🔺 7696.25 🔻 7695.00
  📡 RSI: 83.7 | MACD: -1.38 | ATR: 1.71
  📊 Filled: 1 | Pending: 0
  📍 SHORT @ 7695.75 | SL: 7703.75 | TP: 7685.00 | P&L: $-50.00
  💰 Daily P&L: $+0.00

[2026-08-20 08:00] O:7697.00 H:7700.00 L:7696.75 C:7698.75 V:1679.0
  📈 Trend: moderate_bearish | 🌍 Regime: trending_bearish
  🗺️  Grid: 0.100% | 🔺 7697.50 🔻 7696.00
  📡 RSI: 84.0 | MACD: -0.96 | ATR: 1.73
  📊 Filled: 1 | Pending: 0
  📍 SHORT @ 7695.75 | SL: 7703.75 | TP: 7685.00 | P&L: $-150.00
  💰 Daily P&L: $+0.00

[2026-08-20 08:01] O:7698.75 H:7699.75 L:7698.50 C:7699.25 V:941.0
  📈 Trend: moderate_bearish | 🌍 Regime: trending_bearish
  🗺️  Grid: 0.100% | 🔺 7700.00 🔻 7696.75
  📡 RSI: 83.7 | MACD: -0.58 | ATR: 1.73
  📊 Filled: 1 | Pending: 0
  📍 SHORT @ 7695.75 | SL: 7703.75 | TP: 7685.00 | P&L: $-175.00
  💰 Daily P&L: $+0.00

[2026-08-20 08:02] O:7699.25 H:7700.50 L:7699.00 C:7700.25 V:1145.0
  📈 Trend: moderate_bearish | 🌍 Regime: trending_bearish
  🗺️  Grid: 0.100% | 🔺 7699.75 🔻 7698.50
  📡 RSI: 84.6 | MACD: -0.20 | ATR: 1.75
  📊 Filled: 1 | Pending: 0
  📍 SHORT @ 7695.75 | SL: 7703.75 | TP: 7685.00 | P&L: $-225.00
  💰 Daily P&L: $+0.00

[2026-08-20 08:03] O:7700.00 H:7700.25 L:7699.00 C:7699.75 V:806.0
  📈 Trend: moderate_bearish (raw: moderate_bullish) | 🌍 Regime: trending_bullish
  🗺️  Grid: 0.100% | 🔺 7700.50 🔻 7699.00
  📡 RSI: 78.7 | MACD: 0.06 | ATR: 1.71
  📊 Filled: 1 | Pending: 0
  📍 SHORT @ 7695.75 | SL: 7703.75 | TP: 7685.00 | P&L: $-200.00
  💰 Daily P&L: $+0.00

[2026-08-20 08:04] O:7699.75 H:7701.75 L:7699.50 C:7700.50 V:922.0
  📈 Trend: moderate_bearish (raw: moderate_bullish) | 🌍 Regime: ranging
  🗺️  Grid: 0.100% | 🔺 7700.25 🔻 7699.00
  📡 RSI: 78.7 | MACD: 0.33 | ATR: 1.79
  📊 Filled: 1 | Pending: 0
  📍 SHORT @ 7695.75 | SL: 7703.75 | TP: 7685.00 | P&L: $-237.50
  💰 Daily P&L: $+0.00

[2026-08-20 08:05] O:7700.75 H:7701.50 L:7700.00 C:7700.25 V:625.0
  📈 Trend: moderate_bullish | 🌍 Regime: ranging
  🗺️  Grid: 0.100% | 🔺 7701.75 🔻 7699.50
  📡 RSI: 80.4 | MACD: 0.51 | ATR: 1.70
  📊 Filled: 1 | Pending: 0
  📍 SHORT @ 7695.75 | SL: 7703.75 | TP: 7685.00 | P&L: $-225.00
  💰 Daily P&L: $+0.00

[2026-08-20 08:06] O:7700.25 H:7700.75 L:7699.25 C:7699.25 V:1202.0
  📈 Trend: moderate_bullish | 🌍 Regime: ranging
  🗺️  Grid: 0.100% | 🔺 7701.50 🔻 7700.00
  📡 RSI: 71.1 | MACD: 0.57 | ATR: 1.70
  📊 Filled: 1 | Pending: 0
  📍 SHORT @ 7695.75 | SL: 7703.75 | TP: 7685.00 | P&L: $-175.00
  💰 Daily P&L: $+0.00

[2026-08-20 08:07] O:7699.25 H:7700.75 L:7699.00 C:7699.25 V:1703.0
  📈 Trend: moderate_bullish | 🌍 Regime: ranging
  🗺️  Grid: 0.100% | 🔺 7700.75 🔻 7699.25
  📡 RSI: 70.5 | MACD: 0.61 | ATR: 1.71
  📊 Filled: 1 | Pending: 0
  📍 SHORT @ 7695.75 | SL: 7703.75 | TP: 7685.00 | P&L: $-175.00
  💰 Daily P&L: $+0.00

[2026-08-20 08:08] O:7699.25 H:7699.50 L:7698.00 C:7698.75 V:890.0
  📈 Trend: moderate_bullish | 🌍 Regime: ranging
  🗺️  Grid: 0.100% | 🔺 7700.75 🔻 7699.00
  📡 RSI: 60.5 | MACD: 0.59 | ATR: 1.66
  📊 Filled: 1 | Pending: 0
  📍 SHORT @ 7695.75 | SL: 7703.75 | TP: 7685.00 | P&L: $-150.00
  💰 Daily P&L: $+0.00

[2026-08-20 08:09] O:7698.75 H:7699.00 L:7697.00 C:7697.25 V:622.0
  📈 Trend: moderate_bullish | 🌍 Regime: trending_bullish
  🗺️  Grid: 0.100% | 🔺 7699.50 🔻 7698.00
  📡 RSI: 54.8 | MACD: 0.45 | ATR: 1.68
  📊 Filled: 1 | Pending: 0
  📍 SHORT @ 7695.75 | SL: 7703.75 | TP: 7685.00 | P&L: $-75.00
  💰 Daily P&L: $+0.00

[2026-08-20 08:10] O:7697.25 H:7697.75 L:7696.50 C:7696.50 V:777.0
  📈 Trend: moderate_bullish | 🌍 Regime: trending_bullish
  🗺️  Grid: 0.100% | 🔺 7699.00 🔻 7697.00
  📡 RSI: 53.5 | MACD: 0.28 | ATR: 1.66
  📊 Filled: 1 | Pending: 0
  📍 SHORT @ 7695.75 | SL: 7703.75 | TP: 7685.00 | P&L: $-37.50
  💰 Daily P&L: $+0.00

[2026-08-20 08:11] O:7696.75 H:7698.25 L:7695.50 C:7696.50 V:865.0
  📈 Trend: moderate_bullish | 🌍 Regime: trending_bullish
  🗺️  Grid: 0.100% | 🔺 7697.75 🔻 7696.50
  📡 RSI: 56.1 | MACD: 0.14 | ATR: 1.75
  📊 Filled: 1 | Pending: 0
  📍 SHORT @ 7695.75 | SL: 7703.75 | TP: 7685.00 | P&L: $-37.50
  💰 Daily P&L: $+0.00
  📋 Order 301 status: Submitted

[2026-08-20 08:12] O:7696.25 H:7696.75 L:7695.75 C:7696.50 V:592.0
  📈 Trend: moderate_bullish | 🌍 Regime: trending_bullish
  🗺️  Grid: 0.100% | 🔺 7698.25 🔻 7695.50
  📡 RSI: 51.4 | MACD: 0.03 | ATR: 1.73
  📊 Filled: 1 | Pending: 0
  📍 SHORT @ 7695.75 | SL: 7703.75 | TP: 7685.00 | P&L: $-37.50
  💰 Daily P&L: $+0.00

[2026-08-20 08:13] O:7696.50 H:7697.75 L:7695.75 C:7696.00 V:569.0
  📈 Trend: moderate_bullish (raw: strong_bearish) | 🌍 Regime: ranging
  🗺️  Grid: 0.100% | 🔺 7696.75 🔻 7695.75
  📡 RSI: 45.9 | MACD: -0.10 | ATR: 1.77
  📊 Filled: 1 | Pending: 0
  📍 SHORT @ 7695.75 | SL: 7703.75 | TP: 7685.00 | P&L: $-12.50
  💰 Daily P&L: $+0.00

[2026-08-20 08:14] O:7696.25 H:7696.50 L:7694.50 C:7695.00 V:913.0
  📈 Trend: moderate_bullish (raw: strong_bearish) | 🌍 Regime: ranging
  🗺️  Grid: 0.100% | 🔺 7697.75 🔻 7695.75
  📡 RSI: 27.3 | MACD: -0.28 | ATR: 1.68
  📊 Filled: 1 | Pending: 0
  📍 SHORT @ 7695.75 | SL: 7703.75 | TP: 7685.00 | P&L: $+37.50
  💰 Daily P&L: $+0.00

[2026-08-20 08:15] O:7695.25 H:7695.25 L:7693.50 C:7693.75 V:1135.0
  📈 Trend: strong_bearish | 🌍 Regime: ranging
  🗺️  Grid: 0.100% | 🔺 7696.50 🔻 7694.50
  📡 RSI: 19.4 | MACD: -0.51 | ATR: 1.71
  📊 Filled: 1 | Pending: 0
  📍 SHORT @ 7695.75 | SL: 7703.75 | TP: 7685.00 | P&L: $+100.00
  💰 Daily P&L: $+0.00

[2026-08-20 08:16] O:7694.00 H:7695.25 L:7693.25 C:7693.75 V:1024.0
  📈 Trend: strong_bearish | 🌍 Regime: ranging
  🗺️  Grid: 0.100% | 🔺 7695.25 🔻 7693.50
  📡 RSI: 9.4 | MACD: -0.69 | ATR: 1.75
  📊 Filled: 1 | Pending: 0
  📍 SHORT @ 7695.75 | SL: 7703.75 | TP: 7685.00 | P&L: $+100.00
  💰 Daily P&L: $+0.00

[2026-08-20 08:17] O:7693.75 H:7696.00 L:7693.50 C:7694.50 V:1385.0
  📈 Trend: strong_bearish | 🌍 Regime: ranging
  🗺️  Grid: 0.100% | 🔺 7695.25 🔻 7693.25
  📡 RSI: 18.2 | MACD: -0.76 | ATR: 1.84
  📊 Filled: 1 | Pending: 0
  📍 SHORT @ 7695.75 | SL: 7703.75 | TP: 7685.00 | P&L: $+62.50
  💰 Daily P&L: $+0.00

[2026-08-20 08:18] O:7694.75 H:7697.25 L:7694.00 C:7696.00 V:1695.0
  📈 Trend: strong_bearish | 🌍 Regime: ranging
  🗺️  Grid: 0.100% | 🔺 7696.00 🔻 7693.50
  📡 RSI: 25.0 | MACD: -0.69 | ATR: 1.91
  📊 Filled: 1 | Pending: 0
  📍 SHORT @ 7695.75 | SL: 7703.75 | TP: 7685.00 | P&L: $-12.50
  💰 Daily P&L: $+0.00

[2026-08-20 08:19] O:7696.00 H:7696.25 L:7695.25 C:7695.25 V:396.0
  📈 Trend: strong_bearish | 🌍 Regime: ranging
  🗺️  Grid: 0.100% | 🔺 7697.25 🔻 7694.00
  📡 RSI: 23.7 | MACD: -0.69 | ATR: 1.88
  📊 Filled: 1 | Pending: 0
  📍 SHORT @ 7695.75 | SL: 7703.75 | TP: 7685.00 | P&L: $+25.00
  💰 Daily P&L: $+0.00

[2026-08-20 08:20] O:7695.25 H:7695.50 L:7692.50 C:7693.75 V:777.0
  📈 Trend: strong_bearish | 🌍 Regime: ranging
  🗺️  Grid: 0.100% | 🔺 7696.25 🔻 7695.25
  📡 RSI: 22.5 | MACD: -0.80 | ATR: 1.98
  📊 Filled: 1 | Pending: 0
  📍 SHORT @ 7695.75 | SL: 7703.75 | TP: 7685.00 | P&L: $+100.00
  💰 Daily P&L: $+0.00

[2026-08-20 08:21] O:7693.75 H:7696.25 L:7693.50 C:7694.00 V:954.0
  📈 Trend: strong_bearish | 🌍 Regime: ranging
  🗺️  Grid: 0.100% | 🔺 7695.50 🔻 7692.50
  📡 RSI: 24.4 | MACD: -0.85 | ATR: 2.05
  📊 Filled: 1 | Pending: 0
  📍 SHORT @ 7695.75 | SL: 7703.75 | TP: 7685.00 | P&L: $+87.50
  💰 Daily P&L: $+0.00

[2026-08-20 08:22] O:7694.00 H:7695.00 L:7693.75 C:7694.25 V:727.0
  📈 Trend: strong_bearish | 🌍 Regime: ranging
  🗺️  Grid: 0.100% | 🔺 7696.25 🔻 7693.50
  📡 RSI: 27.5 | MACD: -0.87 | ATR: 2.04
  📊 Filled: 1 | Pending: 0
  📍 SHORT @ 7695.75 | SL: 7703.75 | TP: 7685.00 | P&L: $+75.00
  💰 Daily P&L: $+0.00

[2026-08-20 08:23] O:7694.00 H:7695.25 L:7693.75 C:7694.25 V:538.0
  📈 Trend: strong_bearish | 🌍 Regime: trending_bearish
  🗺️  Grid: 0.100% | 🔺 7695.00 🔻 7693.75
  📡 RSI: 32.4 | MACD: -0.87 | ATR: 2.00
  📊 Filled: 1 | Pending: 0
  📍 SHORT @ 7695.75 | SL: 7703.75 | TP: 7685.00 | P&L: $+75.00
  💰 Daily P&L: $+0.00

[2026-08-20 08:24] O:7694.25 H:7696.50 L:7694.25 C:7696.25 V:1370.0
  📈 Trend: strong_bearish | 🌍 Regime: trending_bearish
  🗺️  Grid: 0.100% | 🔺 7695.25 🔻 7693.75
  📡 RSI: 48.7 | MACD: -0.70 | ATR: 2.07
  📊 Filled: 1 | Pending: 0
  📍 SHORT @ 7695.75 | SL: 7703.75 | TP: 7685.00 | P&L: $-25.00
  💰 Daily P&L: $+0.00

[2026-08-20 08:25] O:7696.25 H:7698.75 L:7695.50 C:7698.75 V:2147.0
  📈 Trend: strong_bearish (raw: moderate_bearish) | 🌍 Regime: trending_bearish
  🗺️  Grid: 0.100% | 🔺 7696.50 🔻 7694.25
  📡 RSI: 59.2 | MACD: -0.36 | ATR: 2.11
  📊 Filled: 1 | Pending: 0
  📍 SHORT @ 7695.75 | SL: 7703.75 | TP: 7685.00 | P&L: $-150.00
  💰 Daily P&L: $+0.00

[2026-08-20 08:26] O:7698.50 H:7698.50 L:7696.00 C:7696.75 V:924.0
  📈 Trend: strong_bearish (raw: moderate_bearish) | 🌍 Regime: ranging
  🗺️  Grid: 0.100% | 🔺 7698.75 🔻 7695.50
  📡 RSI: 50.9 | MACD: -0.25 | ATR: 2.23
  📊 Filled: 1 | Pending: 0
  📍 SHORT @ 7695.75 | SL: 7703.75 | TP: 7685.00 | P&L: $-50.00
  💰 Daily P&L: $+0.00

[2026-08-20 08:27] O:7696.75 H:7697.00 L:7694.00 C:7695.50 V:1310.0
  📈 Trend: moderate_bearish | 🌍 Regime: ranging
  🗺️  Grid: 0.100% | 🔺 7698.50 🔻 7696.00
  📡 RSI: 48.3 | MACD: -0.26 | ATR: 2.30
  📊 Filled: 1 | Pending: 0
  📍 SHORT @ 7695.75 | SL: 7703.75 | TP: 7685.00 | P&L: $+12.50
  💰 Daily P&L: $+0.00

[2026-08-20 08:28] O:7695.75 H:7698.00 L:7695.75 C:7697.50 V:848.0
  📈 Trend: moderate_bearish (raw: moderate_bullish) | 🌍 Regime: ranging
  🗺️  Grid: 0.100% | 🔺 7697.00 🔻 7694.00
  📡 RSI: 57.8 | MACD: -0.11 | ATR: 2.34
  📊 Filled: 1 | Pending: 0
  📍 SHORT @ 7695.75 | SL: 7703.75 | TP: 7685.00 | P&L: $-87.50
  💰 Daily P&L: $+0.00

[2026-08-20 08:29] O:7697.75 H:7698.50 L:7696.75 C:7698.00 V:1381.0
  📈 Trend: moderate_bearish (raw: strong_bullish) | 🌍 Regime: ranging
  🗺️  Grid: 0.100% | 🔺 7698.00 🔻 7695.75
  📡 RSI: 63.9 | MACD: 0.06 | ATR: 2.34
  📊 Filled: 1 | Pending: 0
  📍 SHORT @ 7695.75 | SL: 7703.75 | TP: 7685.00 | P&L: $-112.50
  💰 Daily P&L: $+0.00

[2026-08-20 08:30] O:7698.00 H:7702.75 L:7697.25 C:7697.75 V:12503.0
  📈 Trend: moderate_bearish (raw: strong_bullish) | 🌍 Regime: ranging
  🗺️  Grid: 0.100% | 🔺 7698.50 🔻 7696.75
  📡 RSI: 62.9 | MACD: 0.16 | ATR: 2.59
  📊 Filled: 1 | Pending: 0
  📍 SHORT @ 7695.75 | SL: 7703.75 | TP: 7685.00 | P&L: $-100.00
  💰 Daily P&L: $+0.00
  📋 Order 301 status: PreSubmitted
  📋 Order 301 status: PendingCancel
  ✅ Fill: BOT 1.0 @ 7704.0
  📋 Order 300 status: Filled
  📋 Order 301 status: PendingCancel
  🛡️ OCA backup: cancelling sibling order 301 immediately after 300 filled
  📋 Order 301 status: Cancelled

[2026-08-20 08:31] O:7697.75 H:7706.00 L:7697.25 C:7704.75 V:6293.0
  📈 Trend: strong_bullish | 🌍 Regime: ranging
  🗺️  Grid: 0.100% | 🔺 7702.75 🔻 7697.25
  📡 RSI: 73.6 | MACD: 0.80 | ATR: 3.04
  📊 Filled: 1 | Pending: 0
  📍 SHORT @ 7695.75 | SL: 7703.75 | TP: 7685.00 | P&L: $-450.00
  ❌ EXIT SHORT @ 7704.00 | Stop Loss
     P&L: -8.25 pts ($-412.50) | Daily: $-412.50
  ⏸️ Cooldown: 2 bar(s) remaining after exit
  💰 Daily P&L: $-412.50

[2026-08-20 08:32] O:7704.50 H:7705.50 L:7702.00 C:7704.75 V:5058.0
  📈 Trend: strong_bullish | 🌍 Regime: ranging
  🗺️  Grid: 0.100% | 🔺 7706.00 🔻 7697.25
  📡 RSI: 71.6 | MACD: 1.29 | ATR: 3.05
  📊 Filled: 0 | Pending: 0
  ⏸️ Cooldown: 1 bar(s) remaining after exit
  💰 Daily P&L: $-412.50

[2026-08-20 08:33] O:7704.75 H:7707.50 L:7702.00 C:7707.00 V:4480.0
  📈 Trend: strong_bullish | 🌍 Regime: ranging
  🗺️  Grid: 0.100% | 🔺 7705.50 🔻 7702.00
  📡 RSI: 77.0 | MACD: 1.84 | ATR: 3.38
  📊 Filled: 0 | Pending: 0
  💰 Daily P&L: $-412.50

[2026-08-20 08:34] O:7707.00 H:7710.00 L:7705.75 C:7709.25 V:5113.0
  📈 Trend: strong_bullish | 🌍 Regime: ranging
  🗺️  Grid: 0.100% | 🔺 7707.50 🔻 7702.00
  📡 RSI: 84.4 | MACD: 2.43 | ATR: 3.46
  📊 Filled: 0 | Pending: 0
  💰 Daily P&L: $-412.50

[2026-08-20 08:35] O:7709.25 H:7715.75 L:7705.25 C:7714.25 V:12021.0
  📈 Trend: strong_bullish | 🌍 Regime: trending_bullish
  🗺️  Grid: 0.100% | 🔺 7710.00 🔻 7705.75
  📡 RSI: 87.2 | MACD: 3.27 | ATR: 4.02
  📊 Filled: 0 | Pending: 0
  💰 Daily P&L: $-412.50

[2026-08-20 08:36] O:7714.25 H:7716.00 L:7713.00 C:7714.00 V:4575.0
  📈 Trend: strong_bullish | 🌍 Regime: trending_bullish
  🗺️  Grid: 0.100% | 🔺 7715.75 🔻 7705.25
  📡 RSI: 86.2 | MACD: 3.86 | ATR: 4.14
  📊 Filled: 0 | Pending: 0
  💰 Daily P&L: $-412.50

[2026-08-20 08:37] O:7714.00 H:7714.50 L:7710.75 C:7711.00 V:5071.0
  📈 Trend: strong_bullish | 🌍 Regime: trending_bullish
  🗺️  Grid: 0.100% | 🔺 7716.00 🔻 7713.00
  📡 RSI: 77.7 | MACD: 4.05 | ATR: 4.30
  📊 Filled: 0 | Pending: 0
  💰 Daily P&L: $-412.50

[2026-08-20 08:38] O:7711.00 H:7711.75 L:7708.25 C:7708.50 V:4792.0
  📈 Trend: strong_bullish | 🌍 Regime: trending_bullish
  🗺️  Grid: 0.100% | 🔺 7714.50 🔻 7710.75
  📡 RSI: 69.9 | MACD: 3.94 | ATR: 4.39
  📊 Filled: 0 | Pending: 0
  💰 Daily P&L: $-412.50

[2026-08-20 08:39] O:7708.75 H:7713.25 L:7708.75 C:7711.75 V:3699.0
  📈 Trend: strong_bullish | 🌍 Regime: trending_bullish
  🗺️  Grid: 0.100% | 🔺 7711.75 🔻 7708.25
  📡 RSI: 70.6 | MACD: 4.08 | ATR: 4.50
  📊 Filled: 0 | Pending: 0
  💰 Daily P&L: $-412.50

[2026-08-20 08:40] O:7712.00 H:7712.00 L:7705.00 C:7708.00 V:6024.0
  📈 Trend: strong_bullish | 🌍 Regime: trending_bullish
  🗺️  Grid: 0.100% | 🔺 7713.25 🔻 7708.75
  📡 RSI: 66.9 | MACD: 3.84 | ATR: 4.80
  📊 Filled: 0 | Pending: 0
  💰 Daily P&L: $-412.50

[2026-08-20 08:41] O:7708.00 H:7712.75 L:7706.75 C:7711.00 V:4889.0
  📈 Trend: strong_bullish | 🌍 Regime: trending_bullish
  🗺️  Grid: 0.100% | 🔺 7712.00 🔻 7705.00
  📡 RSI: 72.1 | MACD: 3.85 | ATR: 5.02
  📊 Filled: 0 | Pending: 0
  💰 Daily P&L: $-412.50

[2026-08-20 08:42] O:7711.00 H:7715.00 L:7710.00 C:7714.25 V:4751.0
  📈 Trend: strong_bullish | 🌍 Regime: trending_bullish
  🗺️  Grid: 0.101% | 🔺 7712.75 🔻 7706.75
  📡 RSI: 73.1 | MACD: 4.07 | ATR: 5.20
  📊 Filled: 0 | Pending: 0
  💰 Daily P&L: $-412.50

[2026-08-20 08:43] O:7714.50 H:7715.50 L:7713.00 C:7715.50 V:3602.0
  📈 Trend: strong_bullish | 🌍 Regime: trending_bullish
  🗺️  Grid: 0.102% | 🔺 7715.00 🔻 7710.00
  📡 RSI: 73.6 | MACD: 4.29 | ATR: 5.25
  📊 Filled: 0 | Pending: 0
  💰 Daily P&L: $-412.50

[2026-08-20 08:44] O:7715.75 H:7716.25 L:7712.00 C:7712.00 V:3122.0
  📈 Trend: strong_bullish | 🌍 Regime: trending_bullish
  🗺️  Grid: 0.100% | 🔺 7715.50 🔻 7713.00
  📡 RSI: 67.7 | MACD: 4.14 | ATR: 5.16
  📊 Filled: 0 | Pending: 0
  💰 Daily P&L: $-412.50

[2026-08-20 08:45] O:7712.25 H:7713.75 L:7709.00 C:7710.25 V:4466.0
  📈 Trend: strong_bullish | 🌍 Regime: trending_bullish
  🗺️  Grid: 0.100% | 🔺 7716.25 🔻 7712.00
  📡 RSI: 57.9 | MACD: 3.84 | ATR: 4.88
  📊 Filled: 0 | Pending: 0
  💰 Daily P&L: $-412.50

[2026-08-20 08:46] O:7710.50 H:7712.75 L:7709.25 C:7711.00 V:3707.0
  📈 Trend: strong_bullish (raw: moderate_bullish) | 🌍 Regime: trending_bullish
  🗺️  Grid: 0.100% | 🔺 7713.75 🔻 7709.00
  📡 RSI: 58.7 | MACD: 3.62 | ATR: 4.88
  📊 Filled: 0 | Pending: 0
  💰 Daily P&L: $-412.50

[2026-08-20 08:47] O:7711.25 H:7711.25 L:7708.00 C:7709.00 V:3290.0
  📈 Trend: strong_bullish (raw: moderate_bullish) | 🌍 Regime: trending_bullish
  🗺️  Grid: 0.100% | 🔺 7712.75 🔻 7709.25
  📡 RSI: 52.8 | MACD: 3.24 | ATR: 4.71
  📊 Filled: 0 | Pending: 0
  💰 Daily P&L: $-412.50

[2026-08-20 08:48] O:7709.00 H:7710.25 L:7706.50 C:7706.75 V:3519.0
  📈 Trend: moderate_bullish | 🌍 Regime: trending_bullish
  🗺️  Grid: 0.100% | 🔺 7711.25 🔻 7708.00
  📡 RSI: 46.5 | MACD: 2.73 | ATR: 4.68
  📊 Filled: 0 | Pending: 0
  💰 Daily P&L: $-412.50

[2026-08-20 08:49] O:7707.00 H:7710.75 L:7705.00 C:7710.00 V:3526.0
  📈 Trend: moderate_bullish | 🌍 Regime: trending_bullish
  🗺️  Grid: 0.100% | 🔺 7710.25 🔻 7706.50
  📡 RSI: 43.7 | MACD: 2.56 | ATR: 4.34
  📊 Filled: 0 | Pending: 0
  💰 Daily P&L: $-412.50

[2026-08-20 08:50] O:7710.25 H:7711.50 L:7707.25 C:7710.00 V:3748.0
  📈 Trend: moderate_bullish | 🌍 Regime: trending_bullish
  🗺️  Grid: 0.100% | 🔺 7710.75 🔻 7705.00
  📡 RSI: 44.0 | MACD: 2.39 | ATR: 4.43
  📊 Filled: 0 | Pending: 0
  💰 Daily P&L: $-412.50

[2026-08-20 08:51] O:7710.00 H:7710.75 L:7705.00 C:7706.00 V:3958.0
  📈 Trend: moderate_bullish | 🌍 Regime: trending_bullish
  🗺️  Grid: 0.100% | 🔺 7711.50 🔻 7707.25
  📡 RSI: 42.8 | MACD: 1.92 | ATR: 4.57
  📊 Filled: 0 | Pending: 0
  💰 Daily P&L: $-412.50

[2026-08-20 08:52] O:7705.75 H:7707.75 L:7704.00 C:7704.50 V:4018.0
  📈 Trend: moderate_bullish (raw: moderate_bearish) | 🌍 Regime: trending_bearish
  🗺️  Grid: 0.100% | 🔺 7710.75 🔻 7705.00
  📡 RSI: 44.0 | MACD: 1.41 | ATR: 4.59
  📊 Filled: 0 | Pending: 0
  💰 Daily P&L: $-412.50

[2026-08-20 08:53] O:7704.50 H:7706.00 L:7702.75 C:7703.50 V:4761.0
  📈 Trend: moderate_bullish (raw: moderate_bearish) | 🌍 Regime: trending_bearish
  🗺️  Grid: 0.100% | 🔺 7707.75 🔻 7704.00
  📡 RSI: 36.8 | MACD: 0.91 | ATR: 4.48
  📊 Filled: 0 | Pending: 0
  💰 Daily P&L: $-412.50

[2026-08-20 08:54] O:7703.25 H:7708.50 L:7703.00 C:7708.25 V:3625.0
  📈 Trend: moderate_bearish | 🌍 Regime: trending_bearish
  🗺️  Grid: 0.100% | 🔺 7706.00 🔻 7702.75
  📡 RSI: 50.4 | MACD: 0.89 | ATR: 4.38
  📊 Filled: 0 | Pending: 0
  💰 Daily P&L: $-412.50

[2026-08-20 08:55] O:7708.25 H:7710.75 L:7706.25 C:7710.50 V:3706.0
  📈 Trend: moderate_bearish | 🌍 Regime: trending_bearish
  🗺️  Grid: 0.100% | 🔺 7708.50 🔻 7703.00
  📡 RSI: 49.2 | MACD: 1.04 | ATR: 4.27
  📊 Filled: 0 | Pending: 0
  💰 Daily P&L: $-412.50

[2026-08-20 08:56] O:7710.50 H:7711.75 L:7703.25 C:7703.25 V:3793.0
  📈 Trend: moderate_bearish | 🌍 Regime: trending_bearish
  🗺️  Grid: 0.100% | 🔺 7710.75 🔻 7706.25
  📡 RSI: 34.5 | MACD: 0.57 | ATR: 4.52
  📊 Filled: 0 | Pending: 0
  💰 Daily P&L: $-412.50

[2026-08-20 08:57] O:7703.25 H:7704.75 L:7700.50 C:7700.50 V:4636.0
  📈 Trend: moderate_bearish (raw: strong_bearish) | 🌍 Regime: trending_bearish
  🗺️  Grid: 0.100% | 🔺 7711.75 🔻 7703.25
  📡 RSI: 29.7 | MACD: -0.03 | ATR: 4.64
  📊 Filled: 0 | Pending: 0
  💰 Daily P&L: $-412.50

[2026-08-20 08:58] O:7700.75 H:7704.50 L:7700.00 C:7704.50 V:3729.0
  📈 Trend: moderate_bearish (raw: strong_bearish) | 🌍 Regime: trending_bearish
  🗺️  Grid: 0.100% | 🔺 7704.75 🔻 7700.50
  📡 RSI: 40.0 | MACD: -0.17 | ATR: 4.66
  📊 Filled: 0 | Pending: 0
  💰 Daily P&L: $-412.50

[2026-08-20 08:59] O:7704.50 H:7705.25 L:7702.00 C:7703.75 V:3621.0
  📈 Trend: strong_bearish | 🌍 Regime: trending_bearish
  🗺️  Grid: 0.100% | 🔺 7704.50 🔻 7700.00
  📡 RSI: 41.1 | MACD: -0.35 | ATR: 4.55
  📊 Filled: 0 | Pending: 0
  💰 Daily P&L: $-412.50

[2026-08-20 09:00] O:7703.75 H:7707.75 L:7703.50 C:7703.75 V:5766.0
  📈 Trend: strong_bearish | 🌍 Regime: trending_bearish
  🗺️  Grid: 0.100% | 🔺 7705.25 🔻 7702.00
  📡 RSI: 39.9 | MACD: -0.48 | ATR: 4.61
  📊 Filled: 0 | Pending: 0
  💰 Daily P&L: $-412.50

[2026-08-20 09:01] O:7703.75 H:7706.50 L:7703.25 C:7704.75 V:4987.0
  📈 Trend: strong_bearish | 🌍 Regime: trending_bearish
  🗺️  Grid: 0.100% | 🔺 7707.75 🔻 7703.50
  📡 RSI: 43.9 | MACD: -0.49 | ATR: 4.61
  📊 Filled: 0 | Pending: 0
  💰 Daily P&L: $-412.50

[2026-08-20 09:02] O:7704.50 H:7705.75 L:7699.75 C:7699.75 V:4604.0
  📈 Trend: strong_bearish | 🌍 Regime: trending_bearish
  🗺️  Grid: 0.100% | 🔺 7706.50 🔻 7703.25
  📡 RSI: 40.7 | MACD: -0.90 | ATR: 4.77
  📊 Filled: 0 | Pending: 0
  💰 Daily P&L: $-412.50

[2026-08-20 09:03] O:7700.00 H:7702.25 L:7698.75 C:7700.75 V:5172.0
  📈 Trend: strong_bearish | 🌍 Regime: trending_bearish
  🗺️  Grid: 0.100% | 🔺 7705.75 🔻 7699.75
  📡 RSI: 36.9 | MACD: -1.13 | ATR: 4.61
  📊 Filled: 0 | Pending: 0
  💰 Daily P&L: $-412.50

[2026-08-20 09:04] O:7700.75 H:7701.75 L:7698.25 C:7698.25 V:3828.0
  📈 Trend: strong_bearish | 🌍 Regime: trending_bearish
  🗺️  Grid: 0.100% | 🔺 7702.25 🔻 7698.75
  📡 RSI: 34.4 | MACD: -1.50 | ATR: 4.55
  📊 Filled: 0 | Pending: 0
  💰 Daily P&L: $-412.50

[2026-08-20 09:05] O:7698.50 H:7699.75 L:7696.75 C:7699.25 V:4187.0
  📈 Trend: strong_bearish | 🌍 Regime: trending_bearish
  🗺️  Grid: 0.100% | 🔺 7701.75 🔻 7698.25
  📡 RSI: 40.3 | MACD: -1.69 | ATR: 4.36
  📊 Filled: 0 | Pending: 0
  💰 Daily P&L: $-412.50

[2026-08-20 09:06] O:7699.00 H:7704.25 L:7697.50 C:7701.50 V:4925.0
  📈 Trend: strong_bearish | 🌍 Regime: trending_bearish
  🗺️  Grid: 0.100% | 🔺 7699.75 🔻 7696.75
  📡 RSI: 45.8 | MACD: -1.64 | ATR: 4.57
  📊 Filled: 0 | Pending: 0
  💰 Daily P&L: $-412.50

[2026-08-20 09:07] O:7701.50 H:7702.75 L:7698.25 C:7702.25 V:4709.0
  📈 Trend: strong_bearish | 🌍 Regime: trending_bearish
  🗺️  Grid: 0.100% | 🔺 7704.25 🔻 7697.50
  📡 RSI: 48.2 | MACD: -1.52 | ATR: 4.66
  📊 Filled: 0 | Pending: 0
  💰 Daily P&L: $-412.50

[2026-08-20 09:08] O:7702.25 H:7702.50 L:7697.25 C:7700.75 V:3819.0
  📈 Trend: strong_bearish | 🌍 Regime: trending_bearish
  🗺️  Grid: 0.100% | 🔺 7702.75 🔻 7698.25
  📡 RSI: 38.3 | MACD: -1.53 | ATR: 4.64
  📊 Filled: 0 | Pending: 0
  💰 Daily P&L: $-412.50

[2026-08-20 09:09] O:7700.75 H:7705.00 L:7700.00 C:7704.75 V:4203.0
  📈 Trend: strong_bearish | 🌍 Regime: trending_bearish
  🗺️  Grid: 0.100% | 🔺 7702.50 🔻 7697.25
  📡 RSI: 41.5 | MACD: -1.20 | ATR: 4.68
  📊 Filled: 0 | Pending: 0
  💰 Daily P&L: $-412.50

[2026-08-20 09:10] O:7705.00 H:7705.75 L:7702.00 C:7704.50 V:4581.0
  📈 Trend: strong_bearish | 🌍 Regime: trending_bearish
  🗺️  Grid: 0.100% | 🔺 7705.00 🔻 7700.00
  📡 RSI: 52.3 | MACD: -0.95 | ATR: 4.34
  📊 Filled: 0 | Pending: 0
  💰 Daily P&L: $-412.50

[2026-08-20 09:11] O:7704.25 H:7705.25 L:7700.25 C:7701.00 V:3398.0
  📈 Trend: strong_bearish | 🌍 Regime: trending_bearish
  🗺️  Grid: 0.100% | 🔺 7705.75 🔻 7702.00
  📡 RSI: 50.9 | MACD: -1.02 | ATR: 4.39
  📊 Filled: 0 | Pending: 0
  💰 Daily P&L: $-412.50

[2026-08-20 09:12] O:7701.00 H:7703.50 L:7698.75 C:7700.75 V:3072.0
  📈 Trend: strong_bearish | 🌍 Regime: trending_bearish
  🗺️  Grid: 0.100% | 🔺 7705.25 🔻 7700.25
  📡 RSI: 42.1 | MACD: -1.09 | ATR: 4.41
  📊 Filled: 0 | Pending: 0
  💰 Daily P&L: $-412.50

[2026-08-20 09:13] O:7701.00 H:7702.75 L:7699.00 C:7699.75 V:3053.0
  📈 Trend: strong_bearish | 🌍 Regime: trending_bearish
  🗺️  Grid: 0.100% | 🔺 7703.50 🔻 7698.75
  📡 RSI: 41.7 | MACD: -1.20 | ATR: 4.45
  📊 Filled: 0 | Pending: 0
  💰 Daily P&L: $-412.50

[2026-08-20 09:14] O:7699.75 H:7701.25 L:7697.50 C:7698.25 V:3228.0
  📈 Trend: strong_bearish | 🌍 Regime: trending_bearish
  🗺️  Grid: 0.100% | 🔺 7702.75 🔻 7699.00
  📡 RSI: 39.2 | MACD: -1.40 | ATR: 4.41
  📊 Filled: 0 | Pending: 0
  💰 Daily P&L: $-412.50

[2026-08-20 09:15] O:7698.25 H:7699.75 L:7694.25 C:7695.25 V:4346.0
  📈 Trend: strong_bearish | 🌍 Regime: trending_bearish
  🗺️  Grid: 0.100% | 🔺 7701.25 🔻 7697.50
  📡 RSI: 32.7 | MACD: -1.78 | ATR: 4.57
  📊 Filled: 0 | Pending: 0
  💰 Daily P&L: $-412.50

[2026-08-20 09:16] O:7695.00 H:7696.25 L:7692.50 C:7693.50 V:4879.0
  📈 Trend: strong_bearish | 🌍 Regime: trending_bearish
  🗺️  Grid: 0.100% | 🔺 7699.75 🔻 7694.25
  📡 RSI: 37.1 | MACD: -2.20 | ATR: 4.41
  📊 Filled: 0 | Pending: 0
  💰 Daily P&L: $-412.50

[2026-08-20 09:17] O:7693.50 H:7694.50 L:7691.75 C:7694.25 V:4022.0
  📈 Trend: strong_bearish | 🌍 Regime: trending_bearish
  🗺️  Grid: 0.100% | 🔺 7696.25 🔻 7692.50
  📡 RSI: 36.5 | MACD: -2.44 | ATR: 4.36
  📊 Filled: 0 | Pending: 0
  💰 Daily P&L: $-412.50

[2026-08-20 09:18] O:7694.00 H:7696.75 L:7693.50 C:7695.00 V:4692.0
  📈 Trend: strong_bearish | 🌍 Regime: trending_bearish
  🗺️  Grid: 0.100% | 🔺 7694.50 🔻 7691.75
  📡 RSI: 42.7 | MACD: -2.54 | ATR: 4.34
  📊 Filled: 0 | Pending: 0
  💰 Daily P&L: $-412.50

[2026-08-20 09:19] O:7695.00 H:7695.75 L:7692.50 C:7692.50 V:3956.0
  📈 Trend: strong_bearish | 🌍 Regime: trending_bearish
  🗺️  Grid: 0.100% | 🔺 7696.75 🔻 7693.50
  📡 RSI: 35.8 | MACD: -2.79 | ATR: 4.36
  📊 Filled: 0 | Pending: 0
  💰 Daily P&L: $-412.50

[2026-08-20 09:20] O:7692.50 H:7702.50 L:7691.75 C:7699.50 V:5821.0
  📈 Trend: strong_bearish | 🌍 Regime: trending_bearish
  🗺️  Grid: 0.100% | 🔺 7695.75 🔻 7692.50
  📡 RSI: 46.5 | MACD: -2.39 | ATR: 4.64
  📊 Filled: 0 | Pending: 0
  💰 Daily P&L: $-412.50

[2026-08-20 09:21] O:7699.50 H:7701.00 L:7697.75 C:7699.00 V:3891.0
  📈 Trend: strong_bearish | 🌍 Regime: trending_bearish
  🗺️  Grid: 0.100% | 🔺 7702.50 🔻 7691.75
  📡 RSI: 44.2 | MACD: -2.10 | ATR: 4.55
  📊 Filled: 0 | Pending: 0
  💰 Daily P&L: $-412.50

[2026-08-20 09:22] O:7698.75 H:7703.25 L:7695.75 C:7703.00 V:4476.0
  📈 Trend: strong_bearish (raw: moderate_bearish) | 🌍 Regime: trending_bearish
  🗺️  Grid: 0.100% | 🔺 7701.00 🔻 7697.75
  📡 RSI: 53.7 | MACD: -1.52 | ATR: 4.71
  📊 Filled: 0 | Pending: 0
  💰 Daily P&L: $-412.50

[2026-08-20 09:23] O:7702.75 H:7707.75 L:7701.50 C:7706.75 V:6365.0
  📈 Trend: strong_bearish (raw: moderate_bearish) | 🌍 Regime: trending_bearish
  🗺️  Grid: 0.100% | 🔺 7703.25 🔻 7695.75
  📡 RSI: 53.3 | MACD: -0.76 | ATR: 4.80
  📊 Filled: 0 | Pending: 0
  💰 Daily P&L: $-412.50

[2026-08-20 09:24] O:7706.75 H:7707.75 L:7704.75 C:7705.75 V:5757.0
  📈 Trend: moderate_bearish | 🌍 Regime: trending_bearish
  🗺️  Grid: 0.100% | 🔺 7707.75 🔻 7701.50
  📡 RSI: 52.0 | MACD: -0.23 | ATR: 4.75
  📊 Filled: 0 | Pending: 0
  💰 Daily P&L: $-412.50

[2026-08-20 09:25] O:7706.00 H:7706.75 L:7703.50 C:7704.25 V:6258.0
  📈 Trend: moderate_bearish (raw: moderate_bullish) | 🌍 Regime: trending_bullish
  🗺️  Grid: 0.100% | 🔺 7707.75 🔻 7704.75
  📡 RSI: 55.6 | MACD: 0.07 | ATR: 4.62
  📊 Filled: 0 | Pending: 0
  💰 Daily P&L: $-412.50

[2026-08-20 09:26] O:7704.50 H:7705.50 L:7700.50 C:7700.75 V:3471.0
  📈 Trend: moderate_bearish (raw: strong_bearish) | 🌍 Regime: trending_bearish
  🗺️  Grid: 0.100% | 🔺 7706.75 🔻 7703.50
  📡 RSI: 50.0 | MACD: 0.03 | ATR: 4.64
  📊 Filled: 0 | Pending: 0
  💰 Daily P&L: $-412.50

[2026-08-20 09:27] O:7700.75 H:7702.75 L:7698.50 C:7700.00 V:4501.0
  📈 Trend: moderate_bearish (raw: strong_bearish) | 🌍 Regime: ranging
  🗺️  Grid: 0.100% | 🔺 7705.50 🔻 7700.50
  📡 RSI: 50.4 | MACD: -0.07 | ATR: 4.68
  📊 Filled: 0 | Pending: 0
  💰 Daily P&L: $-412.50

[2026-08-20 09:28] O:7700.00 H:7703.25 L:7698.75 C:7698.75 V:3459.0
  📈 Trend: strong_bearish | 🌍 Regime: ranging
  🗺️  Grid: 0.100% | 🔺 7702.75 🔻 7698.50
  📡 RSI: 50.8 | MACD: -0.24 | ATR: 4.73
  📊 Filled: 0 | Pending: 0
  💰 Daily P&L: $-412.50

[2026-08-20 09:29] O:7698.75 H:7701.50 L:7698.00 C:7700.25 V:3261.0
  📈 Trend: strong_bearish | 🌍 Regime: ranging
  🗺️  Grid: 0.100% | 🔺 7703.25 🔻 7698.75
  📡 RSI: 58.2 | MACD: -0.26 | ATR: 4.59
  📊 Filled: 0 | Pending: 0
  💰 Daily P&L: $-412.50

[2026-08-20 09:30] O:7700.25 H:7701.50 L:7698.25 C:7701.00 V:3476.0
  📈 Trend: strong_bearish | 🌍 Regime: ranging
  🗺️  Grid: 0.100% | 🔺 7701.50 🔻 7698.00
  📡 RSI: 62.7 | MACD: -0.21 | ATR: 4.55
  📊 Filled: 0 | Pending: 0
  💰 Daily P&L: $-412.50

[2026-08-20 09:31] O:7701.00 H:7703.75 L:7699.25 C:7702.50 V:3048.0
  📈 Trend: strong_bearish (raw: moderate_bearish) | 🌍 Regime: ranging
  🗺️  Grid: 0.100% | 🔺 7701.50 🔻 7698.25
  📡 RSI: 63.6 | MACD: -0.05 | ATR: 4.68
  📊 Filled: 0 | Pending: 0
  💰 Daily P&L: $-412.50

[2026-08-20 09:32] O:7702.75 H:7704.25 L:7700.00 C:7702.25 V:3148.0
  📈 Trend: strong_bearish (raw: moderate_bullish) | 🌍 Regime: ranging
  🗺️  Grid: 0.100% | 🔺 7703.75 🔻 7699.25
  📡 RSI: 62.2 | MACD: 0.06 | ATR: 4.75
  📊 Filled: 0 | Pending: 0
  🔴 Pullback SHORT | RSI 63.6→62.2 turning down in strong_bearish
  📤 Limit SELL 1 @ 7700.75 submitted (ID: 304)
  📋 Order 304 status: PreSubmitted
  ✅ Fill: SLD 1.0 @ 7702.25
  ⬇️ SHORT ORDER @ 7700.75 | Size: 1.00 | SL: 7709.75 | TP: 7687.25 [1cts]
     Reason: Grid Short (strong_bearish, RSI: 62.2)
  🔬 SHADOW [short trending]: 🟥 ROBUST WOULD BLOCK (1 filter)
       MACD=BLOCK (+0.06 vs -0.05, Δ+0.11) | 5m=PASS (1m=strong_bearish, 5m=sideways)
     ⏳ Order 304 PENDING - awaiting fill confirmation
  💰 Daily P&L: $-412.50
  📋 Order 304 status: Filled
  📤 Stop-Market BUY 1 @ 7710.25 submitted (ID: 305) [OCA:exit_304_1787236446]
  📋 Order 305 status: PreSubmitted
  📤 Limit BUY 1 @ 7691.50 submitted (ID: 306) [OCA:exit_304_1787236446]
  📋 Order 306 status: PreSubmitted
  ✅ FILL CONFIRMED: SHORT @ 7702.25 (order 304)
     📊 Bracket placed: SL #305 @ 7710.25 | TP #306 @ 7691.50
     Trail activates @ +7.5 pts

[2026-08-20 09:33] O:7702.50 H:7705.00 L:7702.00 C:7704.50 V:2903.0
  📈 Trend: strong_bearish (raw: moderate_bullish) | 🌍 Regime: ranging
  🗺️  Grid: 0.100% | 🔺 7704.25 🔻 7700.00
  📡 RSI: 70.3 | MACD: 0.33 | ATR: 4.73
  📊 Filled: 1 | Pending: 0
  📍 SHORT @ 7702.25 | SL: 7710.25 | TP: 7691.50 | P&L: $-112.50
  💰 Daily P&L: $-412.50
  📋 Order 306 status: Submitted

[2026-08-20 09:34] O:7704.75 H:7706.50 L:7699.00 C:7699.00 V:2987.0
  📈 Trend: moderate_bullish | 🌍 Regime: ranging
  🗺️  Grid: 0.100% | 🔺 7705.00 🔻 7702.00
  📡 RSI: 49.1 | MACD: 0.09 | ATR: 4.50
  📊 Filled: 1 | Pending: 0
  📍 SHORT @ 7702.25 | SL: 7710.25 | TP: 7691.50 | P&L: $+162.50
  💰 Daily P&L: $-412.50

[2026-08-20 09:35] O:7699.25 H:7701.00 L:7697.50 C:7701.00 V:3106.0
  📈 Trend: moderate_bullish | 🌍 Regime: ranging
  🗺️  Grid: 0.100% | 🔺 7706.50 🔻 7699.00
  📡 RSI: 53.4 | MACD: 0.06 | ATR: 4.52
  📊 Filled: 1 | Pending: 0
  📍 SHORT @ 7702.25 | SL: 7710.25 | TP: 7691.50 | P&L: $+62.50
  💰 Daily P&L: $-412.50

[2026-08-20 09:36] O:7701.00 H:7704.75 L:7700.50 C:7704.25 V:2653.0
  📈 Trend: moderate_bullish | 🌍 Regime: ranging
  🗺️  Grid: 0.100% | 🔺 7701.00 🔻 7697.50
  📡 RSI: 52.2 | MACD: 0.30 | ATR: 4.29
  📊 Filled: 1 | Pending: 0
  📍 SHORT @ 7702.25 | SL: 7710.25 | TP: 7691.50 | P&L: $-100.00
  💰 Daily P&L: $-412.50

[2026-08-20 09:37] O:7704.50 H:7707.00 L:7703.00 C:7704.50 V:4945.0
  📈 Trend: moderate_bullish | 🌍 Regime: ranging
  🗺️  Grid: 0.100% | 🔺 7704.75 🔻 7700.50
  📡 RSI: 45.5 | MACD: 0.50 | ATR: 4.12
  📊 Filled: 1 | Pending: 0
  📍 SHORT @ 7702.25 | SL: 7710.25 | TP: 7691.50 | P&L: $-112.50
  💰 Daily P&L: $-412.50

[2026-08-20 09:38] O:7704.75 H:7706.50 L:7703.50 C:7705.75 V:2885.0
  📈 Trend: moderate_bullish | 🌍 Regime: ranging
  🗺️  Grid: 0.100% | 🔺 7707.00 🔻 7703.00
  📡 RSI: 50.0 | MACD: 0.76 | ATR: 4.12
  📊 Filled: 1 | Pending: 0
  📍 SHORT @ 7702.25 | SL: 7710.25 | TP: 7691.50 | P&L: $-175.00
  💰 Daily P&L: $-412.50
  📋 Order 306 status: PreSubmitted
  📋 Order 306 status: PendingCancel
  ✅ Fill: BOT 1.0 @ 7710.0
  📋 Order 305 status: Filled
  📋 Order 306 status: PendingCancel
  🛡️ OCA backup: cancelling sibling order 306 immediately after 305 filled
  📋 Order 306 status: Cancelled

[2026-08-20 09:39] O:7705.75 H:7710.25 L:7705.50 C:7708.00 V:3322.0
  📈 Trend: moderate_bullish (raw: strong_bullish) | 🌍 Regime: ranging
  🗺️  Grid: 0.100% | 🔺 7706.50 🔻 7703.50
  📡 RSI: 57.1 | MACD: 1.13 | ATR: 4.23
  📊 Filled: 1 | Pending: 0
  📍 SHORT @ 7702.25 | SL: 7710.25 | TP: 7691.50 | P&L: $-287.50
  ❌ EXIT SHORT @ 7710.00 | Stop Loss
     P&L: -7.75 pts ($-387.50) | Daily: $-800.00
  ⏸️ Cooldown: 2 bar(s) remaining after exit
  💰 Daily P&L: $-800.00

[2026-08-20 09:40] O:7708.00 H:7709.25 L:7705.75 C:7707.25 V:3411.0
  📈 Trend: moderate_bullish (raw: strong_bullish) | 🌍 Regime: ranging
  🗺️  Grid: 0.100% | 🔺 7710.25 🔻 7705.50
  📡 RSI: 63.8 | MACD: 1.34 | ATR: 4.12
  📊 Filled: 0 | Pending: 0
  ⏸️ Cooldown: 1 bar(s) remaining after exit
  💰 Daily P&L: $-800.00

[2026-08-20 09:41] O:7707.50 H:7708.00 L:7704.00 C:7704.00 V:3123.0
  📈 Trend: strong_bullish | 🌍 Regime: ranging
  🗺️  Grid: 0.100% | 🔺 7709.25 🔻 7705.75
  📡 RSI: 57.7 | MACD: 1.24 | ATR: 4.11
  📊 Filled: 0 | Pending: 0
  💰 Daily P&L: $-800.00

[2026-08-20 09:42] O:7704.25 H:7709.50 L:7704.25 C:7709.00 V:2975.0
  📈 Trend: strong_bullish | 🌍 Regime: ranging
  🗺️  Grid: 0.100% | 🔺 7708.00 🔻 7704.00
  📡 RSI: 67.2 | MACD: 1.54 | ATR: 4.18
  📊 Filled: 0 | Pending: 0
  💰 Daily P&L: $-800.00

[2026-08-20 09:43] O:7709.00 H:7711.00 L:7709.00 C:7709.50 V:3301.0
  📈 Trend: strong_bullish | 🌍 Regime: ranging
  🗺️  Grid: 0.100% | 🔺 7709.50 🔻 7704.25
  📡 RSI: 66.1 | MACD: 1.80 | ATR: 4.07
  📊 Filled: 0 | Pending: 0
  💰 Daily P&L: $-800.00

[2026-08-20 09:44] O:7709.25 H:7711.00 L:7709.25 C:7710.00 V:2377.0
  📈 Trend: strong_bullish | 🌍 Regime: ranging
  🗺️  Grid: 0.100% | 🔺 7711.00 🔻 7709.00
  📡 RSI: 65.8 | MACD: 2.02 | ATR: 3.96
  📊 Filled: 0 | Pending: 0
  💰 Daily P&L: $-800.00

[2026-08-20 09:45] O:7710.00 H:7712.75 L:7709.50 C:7711.25 V:3265.0
  📈 Trend: strong_bullish | 🌍 Regime: ranging
  🗺️  Grid: 0.100% | 🔺 7711.00 🔻 7709.25
  📡 RSI: 65.5 | MACD: 2.27 | ATR: 3.88
  📊 Filled: 0 | Pending: 0
  💰 Daily P&L: $-800.00

[2026-08-20 09:46] O:7711.25 H:7713.00 L:7709.00 C:7713.00 V:3050.0
  📈 Trend: strong_bullish | 🌍 Regime: ranging
  🗺️  Grid: 0.100% | 🔺 7712.75 🔻 7709.50
  📡 RSI: 68.1 | MACD: 2.58 | ATR: 3.86
  📊 Filled: 0 | Pending: 0
  💰 Daily P&L: $-800.00

[2026-08-20 09:47] O:7713.00 H:7713.25 L:7707.75 C:7708.00 V:2967.0
  📈 Trend: strong_bullish | 🌍 Regime: ranging
  🗺️  Grid: 0.100% | 🔺 7713.00 🔻 7709.00
  📡 RSI: 55.4 | MACD: 2.40 | ATR: 4.04
  📊 Filled: 0 | Pending: 0
  💰 Daily P&L: $-800.00

[2026-08-20 09:48] O:7708.25 H:7708.50 L:7705.00 C:7706.25 V:2585.0
  📈 Trend: strong_bullish | 🌍 Regime: ranging
  🗺️  Grid: 0.100% | 🔺 7713.25 🔻 7707.75
  📡 RSI: 62.6 | MACD: 2.09 | ATR: 3.75
  📊 Filled: 0 | Pending: 0
  💰 Daily P&L: $-800.00

[2026-08-20 09:49] O:7706.00 H:7707.75 L:7704.50 C:7705.50 V:3246.0
  📈 Trend: strong_bullish (raw: moderate_bullish) | 🌍 Regime: ranging
  🗺️  Grid: 0.100% | 🔺 7708.50 🔻 7705.00
  📡 RSI: 58.2 | MACD: 1.76 | ATR: 3.73
  📊 Filled: 0 | Pending: 0
  💰 Daily P&L: $-800.00

[2026-08-20 09:50] O:7705.50 H:7706.75 L:7704.25 C:7705.50 V:2786.0
  📈 Trend: strong_bullish (raw: moderate_bullish) | 🌍 Regime: ranging
  🗺️  Grid: 0.100% | 🔺 7707.75 🔻 7704.50
  📡 RSI: 52.6 | MACD: 1.48 | ATR: 3.61
  📊 Filled: 0 | Pending: 0
  💰 Daily P&L: $-800.00

[2026-08-20 09:51] O:7705.75 H:7707.50 L:7704.75 C:7707.25 V:2084.0
  📈 Trend: moderate_bullish | 🌍 Regime: ranging
  🗺️  Grid: 0.100% | 🔺 7706.75 🔻 7704.25
  📡 RSI: 55.3 | MACD: 1.39 | ATR: 3.52
  📊 Filled: 0 | Pending: 0
  💰 Daily P&L: $-800.00

[2026-08-20 09:52] O:7707.50 H:7709.00 L:7706.00 C:7709.00 V:2292.0
  📈 Trend: moderate_bullish | 🌍 Regime: ranging
  🗺️  Grid: 0.100% | 🔺 7707.50 🔻 7704.75
  📡 RSI: 56.2 | MACD: 1.44 | ATR: 3.52
  📊 Filled: 0 | Pending: 0
  💰 Daily P&L: $-800.00

[2026-08-20 09:53] O:7708.75 H:7710.75 L:7707.75 C:7708.50 V:2567.0
  📈 Trend: moderate_bullish | 🌍 Regime: ranging
  🗺️  Grid: 0.100% | 🔺 7709.00 🔻 7706.00
  📡 RSI: 51.0 | MACD: 1.42 | ATR: 3.39
  📊 Filled: 0 | Pending: 0
  💰 Daily P&L: $-800.00

[2026-08-20 09:54] O:7708.75 H:7709.00 L:7704.75 C:7705.25 V:2138.0
  📈 Trend: moderate_bullish | 🌍 Regime: ranging
  🗺️  Grid: 0.100% | 🔺 7710.75 🔻 7707.75
  📡 RSI: 46.3 | MACD: 1.13 | ATR: 3.45
  📊 Filled: 0 | Pending: 0
  💰 Daily P&L: $-800.00

[2026-08-20 09:55] O:7705.50 H:7707.75 L:7705.25 C:7707.50 V:1969.0
  📈 Trend: moderate_bullish | 🌍 Regime: ranging
  🗺️  Grid: 0.100% | 🔺 7709.00 🔻 7704.75
  📡 RSI: 56.7 | MACD: 1.07 | ATR: 3.34
  📊 Filled: 0 | Pending: 0
  💰 Daily P&L: $-800.00

[2026-08-20 09:56] O:7707.50 H:7707.50 L:7703.75 C:7705.75 V:2627.0
  📈 Trend: moderate_bullish | 🌍 Regime: ranging
  🗺️  Grid: 0.100% | 🔺 7707.75 🔻 7705.25
  📡 RSI: 42.9 | MACD: 0.87 | ATR: 3.21
  📊 Filled: 0 | Pending: 0
  💰 Daily P&L: $-800.00

[2026-08-20 09:57] O:7705.50 H:7707.00 L:7703.00 C:7706.50 V:4475.0
  📈 Trend: moderate_bullish | 🌍 Regime: ranging
  🗺️  Grid: 0.100% | 🔺 7707.50 🔻 7703.75
  📡 RSI: 43.5 | MACD: 0.77 | ATR: 3.36
  📊 Filled: 0 | Pending: 0
  💰 Daily P&L: $-800.00

[2026-08-20 09:58] O:7706.25 H:7706.50 L:7703.75 C:7706.50 V:2069.0
  📈 Trend: moderate_bullish (raw: moderate_bearish) | 🌍 Regime: ranging
  🗺️  Grid: 0.100% | 🔺 7707.00 🔻 7703.00
  📡 RSI: 42.2 | MACD: 0.67 | ATR: 3.43
  📊 Filled: 0 | Pending: 0
  💰 Daily P&L: $-800.00

[2026-08-20 09:59] O:7706.50 H:7710.75 L:7706.50 C:7710.00 V:2329.0
  📈 Trend: moderate_bullish | 🌍 Regime: ranging
  🗺️  Grid: 0.100% | 🔺 7706.50 🔻 7703.75
  📡 RSI: 47.5 | MACD: 0.87 | ATR: 3.50
  📊 Filled: 0 | Pending: 0
  💰 Daily P&L: $-800.00

[2026-08-20 10:00] O:7709.75 H:7711.25 L:7709.25 C:7711.00 V:2766.0
  📈 Trend: moderate_bullish (raw: strong_bullish) | 🌍 Regime: ranging
  🗺️  Grid: 0.100% | 🔺 7710.75 🔻 7706.50
  📡 RSI: 45.8 | MACD: 1.10 | ATR: 3.36
  📊 Filled: 0 | Pending: 0
  💰 Daily P&L: $-800.00

[2026-08-20 10:01] O:7711.00 H:7718.50 L:7710.50 C:7716.75 V:9997.0
  📈 Trend: moderate_bullish (raw: strong_bullish) | 🌍 Regime: ranging
  🗺️  Grid: 0.100% | 🔺 7711.25 🔻 7709.25
  📡 RSI: 67.7 | MACD: 1.72 | ATR: 3.54
  📊 Filled: 0 | Pending: 0
  💰 Daily P&L: $-800.00

[2026-08-20 10:02] O:7716.75 H:7719.50 L:7715.25 C:7716.00 V:8425.0
  📈 Trend: strong_bullish | 🌍 Regime: ranging
  🗺️  Grid: 0.100% | 🔺 7718.50 🔻 7710.50
  📡 RSI: 70.5 | MACD: 2.13 | ATR: 3.59
  📊 Filled: 0 | Pending: 0
  💰 Daily P&L: $-800.00

[2026-08-20 10:03] O:7716.00 H:7720.00 L:7713.75 C:7719.75 V:4756.0
  📈 Trend: strong_bullish | 🌍 Regime: ranging
  🗺️  Grid: 0.100% | 🔺 7719.50 🔻 7715.25
  📡 RSI: 76.6 | MACD: 2.73 | ATR: 3.80
  📊 Filled: 0 | Pending: 0
  💰 Daily P&L: $-800.00

[2026-08-20 10:04] O:7719.50 H:7720.00 L:7716.50 C:7717.25 V:3996.0
  📈 Trend: strong_bullish | 🌍 Regime: ranging
  🗺️  Grid: 0.100% | 🔺 7720.00 🔻 7713.75
  📡 RSI: 70.1 | MACD: 2.96 | ATR: 3.88
  📊 Filled: 0 | Pending: 0
  💰 Daily P&L: $-800.00

[2026-08-20 10:05] O:7717.25 H:7717.25 L:7710.50 C:7710.50 V:5702.0
  📈 Trend: strong_bullish (raw: moderate_bullish) | 🌍 Regime: ranging
  🗺️  Grid: 0.100% | 🔺 7720.00 🔻 7716.50
  📡 RSI: 54.7 | MACD: 2.58 | ATR: 4.16
  📊 Filled: 0 | Pending: 0
  💰 Daily P&L: $-800.00

[2026-08-20 10:06] O:7710.50 H:7711.50 L:7708.50 C:7709.25 V:4548.0
  📈 Trend: strong_bullish | 🌍 Regime: ranging
  🗺️  Grid: 0.100% | 🔺 7717.25 🔻 7710.50
  📡 RSI: 50.4 | MACD: 2.14 | ATR: 4.16
  📊 Filled: 0 | Pending: 0
  💰 Daily P&L: $-800.00

[2026-08-20 10:07] O:7709.25 H:7711.00 L:7707.75 C:7708.00 V:3434.0
  📈 Trend: strong_bullish (raw: moderate_bullish) | 🌍 Regime: ranging
  🗺️  Grid: 0.100% | 🔺 7711.50 🔻 7708.50
  📡 RSI: 49.3 | MACD: 1.68 | ATR: 4.18
  📊 Filled: 0 | Pending: 0
  💰 Daily P&L: $-800.00

[2026-08-20 10:08] O:7708.25 H:7710.00 L:7702.50 C:7704.25 V:5198.0
  📈 Trend: strong_bullish (raw: moderate_bearish) | 🌍 Regime: ranging
  🗺️  Grid: 0.100% | 🔺 7711.00 🔻 7707.75
  📡 RSI: 48.6 | MACD: 1.00 | ATR: 4.41
  📊 Filled: 0 | Pending: 0
  💰 Daily P&L: $-800.00

[2026-08-20 10:09] O:7704.25 H:7704.75 L:7701.75 C:7703.75 V:4477.0
  📈 Trend: strong_bullish (raw: moderate_bearish) | 🌍 Regime: ranging
  🗺️  Grid: 0.100% | 🔺 7710.00 🔻 7702.50
  📡 RSI: 44.4 | MACD: 0.42 | ATR: 4.45
  📊 Filled: 0 | Pending: 0
  💰 Daily P&L: $-800.00

[2026-08-20 10:10] O:7703.75 H:7705.25 L:7700.75 C:7701.25 V:5202.0
  📈 Trend: strong_bullish (raw: moderate_bullish) | 🌍 Regime: ranging
  🗺️  Grid: 0.100% | 🔺 7704.75 🔻 7701.75
  📡 RSI: 43.4 | MACD: -0.25 | ATR: 4.50
  📊 Filled: 0 | Pending: 0
  💰 Daily P&L: $-800.00

[2026-08-20 10:11] O:7701.25 H:7702.50 L:7698.50 C:7701.75 V:4421.0
  📈 Trend: strong_bullish (raw: moderate_bullish) | 🌍 Regime: ranging
  🗺️  Grid: 0.100% | 🔺 7705.25 🔻 7700.75
  📡 RSI: 43.0 | MACD: -0.72 | ATR: 4.50
  📊 Filled: 0 | Pending: 0
  💰 Daily P&L: $-800.00

[2026-08-20 10:12] O:7701.75 H:7703.50 L:7699.50 C:7703.50 V:4290.0
  📈 Trend: moderate_bullish | 🌍 Regime: ranging
  🗺️  Grid: 0.100% | 🔺 7702.50 🔻 7698.50
  📡 RSI: 45.8 | MACD: -0.95 | ATR: 4.59
  📊 Filled: 0 | Pending: 0
  💰 Daily P&L: $-800.00

[2026-08-20 10:13] O:7703.50 H:7707.75 L:7702.50 C:7707.75 V:4390.0
  📈 Trend: moderate_bullish (raw: strong_bullish) | 🌍 Regime: ranging
  🗺️  Grid: 0.100% | 🔺 7703.50 🔻 7699.50
  📡 RSI: 46.9 | MACD: -0.78 | ATR: 4.66
  📊 Filled: 0 | Pending: 0
  💰 Daily P&L: $-800.00

[2026-08-20 10:14] O:7707.50 H:7708.25 L:7704.75 C:7706.00 V:3762.0
  📈 Trend: moderate_bullish | 🌍 Regime: ranging
  🗺️  Grid: 0.100% | 🔺 7707.75 🔻 7702.50
  📡 RSI: 43.2 | MACD: -0.77 | ATR: 4.77
  📊 Filled: 0 | Pending: 0
  💰 Daily P&L: $-800.00

[2026-08-20 10:15] O:7706.00 H:7706.00 L:7703.25 C:7704.75 V:2833.0
  📈 Trend: moderate_bullish | 🌍 Regime: ranging
  🗺️  Grid: 0.100% | 🔺 7708.25 🔻 7704.75
  📡 RSI: 31.5 | MACD: -0.86 | ATR: 4.39
  📊 Filled: 0 | Pending: 0
  💰 Daily P&L: $-800.00

[2026-08-20 10:16] O:7704.75 H:7705.25 L:7702.00 C:7703.75 V:2178.0
  📈 Trend: moderate_bullish | 🌍 Regime: ranging
  🗺️  Grid: 0.100% | 🔺 7706.00 🔻 7703.25
  📡 RSI: 31.3 | MACD: -1.00 | ATR: 4.32
  📊 Filled: 0 | Pending: 0
  💰 Daily P&L: $-800.00

[2026-08-20 10:17] O:7704.00 H:7706.75 L:7702.75 C:7705.50 V:2265.0
  📈 Trend: moderate_bullish | 🌍 Regime: ranging
  🗺️  Grid: 0.100% | 🔺 7705.25 🔻 7702.00
  📡 RSI: 26.8 | MACD: -0.95 | ATR: 4.16
  📊 Filled: 0 | Pending: 0
  💰 Daily P&L: $-800.00

[2026-08-20 10:18] O:7705.75 H:7708.00 L:7704.25 C:7708.00 V:1921.0
  📈 Trend: moderate_bullish | 🌍 Regime: ranging
  🗺️  Grid: 0.100% | 🔺 7706.75 🔻 7702.75
  📡 RSI: 35.0 | MACD: -0.71 | ATR: 4.18
  📊 Filled: 0 | Pending: 0
  🟢 Pullback LONG | RSI 26.8→35.0 turning up in moderate_bullish
  📤 Limit BUY 1 @ 7709.50 submitted (ID: 307)
  📋 Order 307 status: PreSubmitted
  ✅ Fill: BOT 1.0 @ 7707.75
  📋 Order 307 status: Filled
  ⬆️ LONG ORDER @ 7709.50 | Size: 1.00 | SL: 7700.50 | TP: 7723.00 [1cts]
     Reason: Grid Long (moderate_bullish, RSI: 35.0)
  🔬 SHADOW [long trending]: 🟩 ROBUST WOULD ALLOW
       MACD=PASS (-0.71 vs -0.95, Δ+0.24) | 5m=PASS (1m=moderate_bullish, 5m=sideways)
     ⏳ Order 307 PENDING - awaiting fill confirmation
  💰 Daily P&L: $-800.00
  📤 Stop-Market SELL 1 @ 7699.75 submitted (ID: 308) [OCA:exit_307_1787239206]
  📋 Order 308 status: PreSubmitted
  📤 Limit SELL 1 @ 7718.50 submitted (ID: 309) [OCA:exit_307_1787239206]
  ✅ FILL CONFIRMED: LONG @ 7707.75 (order 307)
     📊 Bracket placed: SL #308 @ 7699.75 | TP #309 @ 7718.50
     Trail activates @ +7.5 pts

[2026-08-20 10:19] O:7707.75 H:7709.00 L:7705.50 C:7705.50 V:2296.0
  📈 Trend: moderate_bullish | 🌍 Regime: ranging
  🗺️  Grid: 0.100% | 🔺 7708.00 🔻 7704.25
  📡 RSI: 40.6 | MACD: -0.71 | ATR: 3.95
  📊 Filled: 1 | Pending: 0
  📍 LONG @ 7707.75 | SL: 7699.75 | TP: 7718.50 | P&L: $-112.50
  💰 Daily P&L: $-800.00
  📋 Order 309 status: PreSubmitted
  📋 Order 309 status: Submitted

[2026-08-20 10:20] O:7705.50 H:7706.00 L:7702.25 C:7703.25 V:2804.0
  📈 Trend: moderate_bullish | 🌍 Regime: ranging
  🗺️  Grid: 0.100% | 🔺 7709.00 🔻 7705.50
  📡 RSI: 39.1 | MACD: -0.88 | ATR: 4.00
  📊 Filled: 1 | Pending: 0
  📍 LONG @ 7707.75 | SL: 7699.75 | TP: 7718.50 | P&L: $-225.00
  💰 Daily P&L: $-800.00

[2026-08-20 10:21] O:7703.00 H:7703.50 L:7700.25 C:7700.75 V:2764.0
  📈 Trend: moderate_bullish (raw: strong_bearish) | 🌍 Regime: ranging
  🗺️  Grid: 0.100% | 🔺 7706.00 🔻 7702.25
  📡 RSI: 37.4 | MACD: -1.21 | ATR: 4.00
  📊 Filled: 1 | Pending: 0
  📍 LONG @ 7707.75 | SL: 7699.75 | TP: 7718.50 | P&L: $-350.00
  💰 Daily P&L: $-800.00
  📋 Order 309 status: PreSubmitted
  📋 Order 309 status: PendingCancel
  ✅ Fill: SLD 1.0 @ 7699.75
  📋 Order 308 status: Filled
  📋 Order 309 status: PendingCancel
  🛡️ OCA backup: cancelling sibling order 309 immediately after 308 filled
  📋 Order 309 status: Cancelled

[2026-08-20 10:22] O:7700.75 H:7701.75 L:7698.75 C:7699.75 V:3481.0
  📈 Trend: moderate_bullish (raw: strong_bearish) | 🌍 Regime: ranging
  🗺️  Grid: 0.100% | 🔺 7703.50 🔻 7700.25
  📡 RSI: 41.3 | MACD: -1.53 | ATR: 3.68
  📊 Filled: 1 | Pending: 0
  📍 LONG @ 7707.75 | SL: 7699.75 | TP: 7718.50 | P&L: $-400.00
  ❌ EXIT LONG @ 7699.75 | Stop Loss
     P&L: -8.00 pts ($-400.00) | Daily: $-1,200.00
  ⏸️ Cooldown: 2 bar(s) remaining after exit
  💰 Daily P&L: $-1,200.00

[2026-08-20 10:23] O:7699.75 H:7700.25 L:7698.50 C:7698.50 V:2687.0
  📈 Trend: strong_bearish | 🌍 Regime: ranging
  🗺️  Grid: 0.100% | 🔺 7701.75 🔻 7698.75
  📡 RSI: 40.2 | MACD: -1.86 | ATR: 3.59
  📊 Filled: 0 | Pending: 0
  ⏸️ Cooldown: 1 bar(s) remaining after exit
  💰 Daily P&L: $-1,200.00

[2026-08-20 10:24] O:7698.75 H:7702.25 L:7697.75 C:7701.00 V:4120.0
  📈 Trend: strong_bearish | 🌍 Regime: ranging
  🗺️  Grid: 0.100% | 🔺 7700.25 🔻 7698.50
  📡 RSI: 49.5 | MACD: -1.90 | ATR: 3.59
  📊 Filled: 0 | Pending: 0
  💰 Daily P&L: $-1,200.00

[2026-08-20 10:25] O:7701.00 H:7701.50 L:7698.00 C:7699.25 V:3821.0
  📈 Trend: strong_bearish | 🌍 Regime: ranging
  🗺️  Grid: 0.100% | 🔺 7702.25 🔻 7697.75
  📡 RSI: 45.5 | MACD: -2.05 | ATR: 3.55
  📊 Filled: 0 | Pending: 0
  💰 Daily P&L: $-1,200.00

[2026-08-20 10:26] O:7699.50 H:7701.50 L:7698.75 C:7700.75 V:2957.0
  📈 Trend: strong_bearish | 🌍 Regime: ranging
  🗺️  Grid: 0.100% | 🔺 7701.50 🔻 7698.00
  📡 RSI: 45.0 | MACD: -2.02 | ATR: 3.46
  📊 Filled: 0 | Pending: 0
  💰 Daily P&L: $-1,200.00

[2026-08-20 10:27] O:7700.75 H:7703.75 L:7700.25 C:7703.25 V:2856.0
  📈 Trend: strong_bearish | 🌍 Regime: ranging
  🗺️  Grid: 0.100% | 🔺 7701.50 🔻 7698.75
  📡 RSI: 41.3 | MACD: -1.78 | ATR: 3.34
  📊 Filled: 0 | Pending: 0
  💰 Daily P&L: $-1,200.00

[2026-08-20 10:28] O:7703.50 H:7705.50 L:7702.50 C:7703.00 V:2642.0
  📈 Trend: strong_bearish | 🌍 Regime: ranging
  🗺️  Grid: 0.100% | 🔺 7703.75 🔻 7700.25
  📡 RSI: 43.9 | MACD: -1.59 | ATR: 3.30
  📊 Filled: 0 | Pending: 0
  💰 Daily P&L: $-1,200.00

[2026-08-20 10:29] O:7703.25 H:7706.25 L:7703.00 C:7705.50 V:3239.0
  📈 Trend: strong_bearish (raw: moderate_bullish) | 🌍 Regime: ranging
  🗺️  Grid: 0.100% | 🔺 7705.50 🔻 7702.50
  📡 RSI: 51.5 | MACD: -1.22 | ATR: 3.34
  📊 Filled: 0 | Pending: 0
  💰 Daily P&L: $-1,200.00

[2026-08-20 10:30] O:7705.50 H:7707.00 L:7703.75 C:7705.50 V:3142.0
  📈 Trend: strong_bearish (raw: moderate_bullish) | 🌍 Regime: ranging
  🗺️  Grid: 0.100% | 🔺 7706.25 🔻 7703.00
  📡 RSI: 53.5 | MACD: -0.92 | ATR: 3.34
  📊 Filled: 0 | Pending: 0
  💰 Daily P&L: $-1,200.00

[2026-08-20 10:31] O:7705.50 H:7706.25 L:7702.50 C:7703.25 V:2288.0
  📈 Trend: strong_bearish (raw: moderate_bearish) | 🌍 Regime: ranging
  🗺️  Grid: 0.100% | 🔺 7707.00 🔻 7703.75
  📡 RSI: 45.5 | MACD: -0.85 | ATR: 3.32
  📊 Filled: 0 | Pending: 0
  💰 Daily P&L: $-1,200.00

[2026-08-20 10:32] O:7703.25 H:7704.25 L:7701.00 C:7704.00 V:2850.0
  📈 Trend: strong_bearish (raw: moderate_bearish) | 🌍 Regime: ranging
  🗺️  Grid: 0.100% | 🔺 7706.25 🔻 7702.50
  📡 RSI: 41.5 | MACD: -0.73 | ATR: 3.29
  📊 Filled: 0 | Pending: 0
  💰 Daily P&L: $-1,200.00

[2026-08-20 10:33] O:7704.00 H:7704.00 L:7697.00 C:7698.25 V:2844.0
  📈 Trend: moderate_bearish | 🌍 Regime: ranging
  🗺️  Grid: 0.100% | 🔺 7704.25 🔻 7701.00
  📡 RSI: 36.4 | MACD: -1.09 | ATR: 3.54
  📊 Filled: 0 | Pending: 0
  💰 Daily P&L: $-1,200.00

[2026-08-20 10:34] O:7698.25 H:7699.00 L:7695.75 C:7697.75 V:3833.0
  📈 Trend: moderate_bearish (raw: strong_bearish) | 🌍 Regime: ranging
  🗺️  Grid: 0.100% | 🔺 7704.00 🔻 7697.00
  📡 RSI: 39.0 | MACD: -1.39 | ATR: 3.50
  📊 Filled: 0 | Pending: 0
  💰 Daily P&L: $-1,200.00

[2026-08-20 10:35] O:7697.75 H:7698.75 L:7695.75 C:7695.75 V:2536.0
  📈 Trend: moderate_bearish (raw: strong_bearish) | 🌍 Regime: ranging
  🗺️  Grid: 0.100% | 🔺 7699.00 🔻 7695.75
  📡 RSI: 39.8 | MACD: -1.77 | ATR: 3.48
  📊 Filled: 0 | Pending: 0
  💰 Daily P&L: $-1,200.00

[2026-08-20 10:36] O:7695.75 H:7696.75 L:7694.75 C:7696.50 V:2650.0
  📈 Trend: strong_bearish | 🌍 Regime: ranging
  🗺️  Grid: 0.100% | 🔺 7698.75 🔻 7695.75
  📡 RSI: 43.3 | MACD: -1.99 | ATR: 3.41
  📊 Filled: 0 | Pending: 0
  💰 Daily P&L: $-1,200.00

[2026-08-20 10:37] O:7696.75 H:7699.50 L:7696.25 C:7697.75 V:3424.0
  📈 Trend: strong_bearish | 🌍 Regime: ranging
  🗺️  Grid: 0.100% | 🔺 7696.75 🔻 7694.75
  📡 RSI: 48.5 | MACD: -2.04 | ATR: 3.52
  📊 Filled: 0 | Pending: 0
  💰 Daily P&L: $-1,200.00

[2026-08-20 10:38] O:7697.50 H:7698.25 L:7693.75 C:7694.00 V:3145.0
  📈 Trend: strong_bearish | 🌍 Regime: ranging
  🗺️  Grid: 0.100% | 🔺 7699.50 🔻 7696.25
  📡 RSI: 36.3 | MACD: -2.36 | ATR: 3.52
  📊 Filled: 0 | Pending: 0
  💰 Daily P&L: $-1,200.00

[2026-08-20 10:39] O:7694.25 H:7694.75 L:7693.50 C:7693.75 V:1973.0
  📈 Trend: strong_bearish | 🌍 Regime: ranging
  🗺️  Grid: 0.100% | 🔺 7698.25 🔻 7693.75
  📡 RSI: 38.5 | MACD: -2.60 | ATR: 3.36
  📊 Filled: 0 | Pending: 0
  💰 Daily P&L: $-1,200.00

[2026-08-20 10:40] O:7693.50 H:7694.75 L:7692.75 C:7693.75 V:2757.0
  📈 Trend: strong_bearish | 🌍 Regime: ranging
  🗺️  Grid: 0.100% | 🔺 7694.75 🔻 7693.50
  📡 RSI: 34.4 | MACD: -2.76 | ATR: 3.30
  📊 Filled: 0 | Pending: 0
  💰 Daily P&L: $-1,200.00

[2026-08-20 10:41] O:7693.75 H:7695.25 L:7693.00 C:7694.00 V:2965.0
  📈 Trend: strong_bearish | 🌍 Regime: ranging
  🗺️  Grid: 0.100% | 🔺 7694.75 🔻 7692.75
  📡 RSI: 27.2 | MACD: -2.83 | ATR: 3.21
  📊 Filled: 0 | Pending: 0
  💰 Daily P&L: $-1,200.00

[2026-08-20 10:42] O:7694.00 H:7696.50 L:7694.00 C:7695.00 V:2559.0
  📈 Trend: strong_bearish | 🌍 Regime: ranging
  🗺️  Grid: 0.100% | 🔺 7695.25 🔻 7693.00
  📡 RSI: 31.0 | MACD: -2.77 | ATR: 3.18
  📊 Filled: 0 | Pending: 0
  💰 Daily P&L: $-1,200.00

[2026-08-20 10:43] O:7695.00 H:7695.25 L:7692.25 C:7693.25 V:2453.0
  📈 Trend: strong_bearish | 🌍 Regime: ranging
  🗺️  Grid: 0.100% | 🔺 7696.50 🔻 7694.00
  📡 RSI: 19.8 | MACD: -2.84 | ATR: 3.16
  📊 Filled: 0 | Pending: 0
  💰 Daily P&L: $-1,200.00

[2026-08-20 10:44] O:7693.00 H:7693.50 L:7691.25 C:7691.50 V:2160.0
  📈 Trend: strong_bearish | 🌍 Regime: ranging
  🗺️  Grid: 0.100% | 🔺 7695.25 🔻 7692.25
  📡 RSI: 18.2 | MACD: -3.00 | ATR: 3.09
  📊 Filled: 0 | Pending: 0
  💰 Daily P&L: $-1,200.00

[2026-08-20 10:45] O:7691.75 H:7692.75 L:7691.25 C:7692.50 V:3083.0
  📈 Trend: strong_bearish | 🌍 Regime: ranging
  🗺️  Grid: 0.100% | 🔺 7693.50 🔻 7691.25
  📡 RSI: 24.1 | MACD: -3.01 | ATR: 2.93
  📊 Filled: 0 | Pending: 0
  💰 Daily P&L: $-1,200.00

[2026-08-20 10:46] O:7692.75 H:7692.75 L:7690.50 C:7691.50 V:2674.0
  📈 Trend: strong_bearish | 🌍 Regime: ranging
  🗺️  Grid: 0.100% | 🔺 7692.75 🔻 7691.25
  📡 RSI: 20.2 | MACD: -3.06 | ATR: 2.86
  📊 Filled: 0 | Pending: 0
  💰 Daily P&L: $-1,200.00

[2026-08-20 10:47] O:7691.25 H:7694.25 L:7690.50 C:7694.25 V:2880.0
  📈 Trend: strong_bearish | 🌍 Regime: ranging
  🗺️  Grid: 0.100% | 🔺 7692.75 🔻 7690.50
  📡 RSI: 38.9 | MACD: -2.85 | ATR: 2.62
  📊 Filled: 0 | Pending: 0
  💰 Daily P&L: $-1,200.00

[2026-08-20 10:48] O:7694.00 H:7695.25 L:7693.50 C:7694.50 V:1906.0
  📈 Trend: strong_bearish (raw: moderate_bearish) | 🌍 Regime: ranging
  🗺️  Grid: 0.100% | 🔺 7694.25 🔻 7690.50
  📡 RSI: 40.8 | MACD: -2.63 | ATR: 2.52
  📊 Filled: 0 | Pending: 0
  💰 Daily P&L: $-1,200.00

[2026-08-20 10:49] O:7694.75 H:7695.50 L:7693.50 C:7693.50 V:2378.0
  📈 Trend: strong_bearish (raw: moderate_bearish) | 🌍 Regime: ranging
  🗺️  Grid: 0.100% | 🔺 7695.25 🔻 7693.50
  📡 RSI: 43.3 | MACD: -2.51 | ATR: 2.45
  📊 Filled: 0 | Pending: 0
  💰 Daily P&L: $-1,200.00

[2026-08-20 10:50] O:7693.50 H:7694.75 L:7692.50 C:7694.00 V:2130.0
  📈 Trend: moderate_bearish | 🌍 Regime: ranging
  🗺️  Grid: 0.100% | 🔺 7695.50 🔻 7693.50
  📡 RSI: 42.4 | MACD: -2.34 | ATR: 2.46
  📊 Filled: 0 | Pending: 0
  💰 Daily P&L: $-1,200.00

[2026-08-20 10:51] O:7693.75 H:7697.25 L:7693.25 C:7697.25 V:2477.0
  📈 Trend: moderate_bearish | 🌍 Regime: ranging
  🗺️  Grid: 0.100% | 🔺 7694.75 🔻 7692.50
  📡 RSI: 48.6 | MACD: -1.93 | ATR: 2.52
  📊 Filled: 0 | Pending: 0
  💰 Daily P&L: $-1,200.00

[2026-08-20 10:52] O:7697.25 H:7698.50 L:7695.75 C:7696.25 V:3680.0
  📈 Trend: moderate_bearish (raw: strong_bearish) | 🌍 Regime: ranging
  🗺️  Grid: 0.100% | 🔺 7697.25 🔻 7693.25
  📡 RSI: 57.1 | MACD: -1.66 | ATR: 2.39
  📊 Filled: 0 | Pending: 0
  💰 Daily P&L: $-1,200.00

[2026-08-20 10:53] O:7696.00 H:7696.75 L:7695.25 C:7695.50 V:1606.0
  📈 Trend: moderate_bearish (raw: strong_bearish) | 🌍 Regime: ranging
  🗺️  Grid: 0.100% | 🔺 7698.50 🔻 7695.75
  📡 RSI: 55.4 | MACD: -1.49 | ATR: 2.41
  📊 Filled: 0 | Pending: 0
  💰 Daily P&L: $-1,200.00

[2026-08-20 10:54] O:7695.50 H:7697.00 L:7695.25 C:7696.75 V:1320.0
  📈 Trend: moderate_bearish | 🌍 Regime: ranging
  🗺️  Grid: 0.100% | 🔺 7696.75 🔻 7695.25
  📡 RSI: 58.6 | MACD: -1.25 | ATR: 2.39
  📊 Filled: 0 | Pending: 0
  💰 Daily P&L: $-1,200.00

[2026-08-20 10:55] O:7696.75 H:7698.00 L:7695.25 C:7697.25 V:1371.0
  📈 Trend: moderate_bearish | 🌍 Regime: ranging
  🗺️  Grid: 0.100% | 🔺 7697.00 🔻 7695.25
  📡 RSI: 59.2 | MACD: -1.00 | ATR: 2.43
  📊 Filled: 0 | Pending: 0
  💰 Daily P&L: $-1,200.00

[2026-08-20 10:56] O:7697.50 H:7697.50 L:7695.75 C:7696.50 V:1467.0
  📈 Trend: moderate_bearish (raw: strong_bearish) | 🌍 Regime: ranging
  🗺️  Grid: 0.100% | 🔺 7698.00 🔻 7695.25
  📡 RSI: 54.3 | MACD: -0.85 | ATR: 2.38
  📊 Filled: 0 | Pending: 0
  💰 Daily P&L: $-1,200.00

[2026-08-20 10:57] O:7696.50 H:7697.25 L:7695.00 C:7695.50 V:2085.0
  📈 Trend: moderate_bearish | 🌍 Regime: ranging
  🗺️  Grid: 0.100% | 🔺 7697.50 🔻 7695.75
  📡 RSI: 56.7 | MACD: -0.81 | ATR: 2.32
  📊 Filled: 0 | Pending: 0
  💰 Daily P&L: $-1,200.00

[2026-08-20 10:58] O:7695.50 H:7696.75 L:7694.25 C:7695.50 V:1891.0
  📈 Trend: moderate_bearish | 🌍 Regime: ranging
  🗺️  Grid: 0.100% | 🔺 7697.25 🔻 7695.00
  📡 RSI: 63.3 | MACD: -0.76 | ATR: 2.34
  📊 Filled: 0 | Pending: 0
  💰 Daily P&L: $-1,200.00

[2026-08-20 10:59] O:7695.25 H:7696.50 L:7694.75 C:7696.50 V:1738.0
  📈 Trend: moderate_bearish | 🌍 Regime: ranging
  🗺️  Grid: 0.100% | 🔺 7696.75 🔻 7694.25
  📡 RSI: 63.3 | MACD: -0.64 | ATR: 2.36
  📊 Filled: 0 | Pending: 0
  💰 Daily P&L: $-1,200.00

[2026-08-20 11:00] O:7696.50 H:7697.25 L:7693.00 C:7695.00 V:3067.0
  📈 Trend: moderate_bearish | 🌍 Regime: ranging
  🗺️  Grid: 0.100% | 🔺 7696.50 🔻 7694.75
  📡 RSI: 61.3 | MACD: -0.65 | ATR: 2.50
  📊 Filled: 0 | Pending: 0
  🔴 Pullback SHORT | RSI 63.3→61.3 turning down in moderate_bearish
  📤 Limit SELL 1 @ 7693.50 submitted (ID: 310)
  📋 Order 310 status: PreSubmitted
  ✅ Fill: SLD 1.0 @ 7694.75
  📋 Order 310 status: Filled
  ⬇️ SHORT ORDER @ 7693.50 | Size: 1.00 | SL: 7702.50 | TP: 7680.00 [1cts]
     Reason: Grid Short (moderate_bearish, RSI: 61.3)
  🔬 SHADOW [short trending]: 🟩 ROBUST WOULD ALLOW
       MACD=PASS (-0.65 vs -0.64, Δ-0.02) | 5m=PASS (1m=moderate_bearish, 5m=sideways)
     ⏳ Order 310 PENDING - awaiting fill confirmation
  💰 Daily P&L: $-1,200.00
  📤 Stop-Market BUY 1 @ 7702.75 submitted (ID: 311) [OCA:exit_310_1787241726]
  📋 Order 311 status: PreSubmitted
  📤 Limit BUY 1 @ 7684.00 submitted (ID: 312) [OCA:exit_310_1787241726]
  📋 Order 312 status: PreSubmitted
  ✅ FILL CONFIRMED: SHORT @ 7694.75 (order 310)
     📊 Bracket placed: SL #311 @ 7702.75 | TP #312 @ 7684.00
     Trail activates @ +7.5 pts

[2026-08-20 11:01] O:7695.25 H:7695.50 L:7693.00 C:7693.50 V:1534.0
  📈 Trend: moderate_bearish (raw: strong_bearish) | 🌍 Regime: ranging
  🗺️  Grid: 0.100% | 🔺 7697.25 🔻 7693.00
  📡 RSI: 47.4 | MACD: -0.78 | ATR: 2.41
  📊 Filled: 1 | Pending: 0
  📍 SHORT @ 7694.75 | SL: 7702.75 | TP: 7684.00 | P&L: $+62.50
  💰 Daily P&L: $-1,200.00
  📋 Order 312 status: Submitted

[2026-08-20 11:02] O:7693.50 H:7698.50 L:7693.25 C:7698.25 V:2005.0
  📈 Trend: moderate_bearish | 🌍 Regime: ranging
  🗺️  Grid: 0.100% | 🔺 7695.50 🔻 7693.00
  📡 RSI: 60.0 | MACD: -0.49 | ATR: 2.66
  📊 Filled: 1 | Pending: 0
  📍 SHORT @ 7694.75 | SL: 7702.75 | TP: 7684.00 | P&L: $-175.00
  💰 Daily P&L: $-1,200.00

[2026-08-20 11:03] O:7698.00 H:7699.00 L:7696.50 C:7696.50 V:1850.0
  📈 Trend: moderate_bearish | 🌍 Regime: ranging
  🗺️  Grid: 0.100% | 🔺 7698.50 🔻 7693.25
  📡 RSI: 57.7 | MACD: -0.40 | ATR: 2.70
  📊 Filled: 1 | Pending: 0
  📍 SHORT @ 7694.75 | SL: 7702.75 | TP: 7684.00 | P&L: $-87.50
  💰 Daily P&L: $-1,200.00

[2026-08-20 11:04] O:7696.50 H:7697.75 L:7693.50 C:7693.75 V:1793.0
  📈 Trend: moderate_bearish | 🌍 Regime: ranging
  🗺️  Grid: 0.100% | 🔺 7699.00 🔻 7696.50
  📡 RSI: 49.4 | MACD: -0.54 | ATR: 2.84
  📊 Filled: 1 | Pending: 0
  📍 SHORT @ 7694.75 | SL: 7702.75 | TP: 7684.00 | P&L: $+50.00
  💰 Daily P&L: $-1,200.00

[2026-08-20 11:05] O:7693.75 H:7697.25 L:7693.75 C:7694.25 V:1902.0
  📈 Trend: moderate_bearish | 🌍 Regime: ranging
  🗺️  Grid: 0.100% | 🔺 7697.75 🔻 7693.50
  📡 RSI: 42.1 | MACD: -0.60 | ATR: 2.80
  📊 Filled: 1 | Pending: 0
  📍 SHORT @ 7694.75 | SL: 7702.75 | TP: 7684.00 | P&L: $+25.00
  💰 Daily P&L: $-1,200.00

[2026-08-20 11:06] O:7694.00 H:7695.25 L:7693.75 C:7694.75 V:1832.0
  📈 Trend: moderate_bearish | 🌍 Regime: ranging
  🗺️  Grid: 0.100% | 🔺 7697.25 🔻 7693.75
  📡 RSI: 45.9 | MACD: -0.61 | ATR: 2.71
  📊 Filled: 1 | Pending: 0
  📍 SHORT @ 7694.75 | SL: 7702.75 | TP: 7684.00 | P&L: $+0.00
  💰 Daily P&L: $-1,200.00

[2026-08-20 11:07] O:7694.75 H:7695.25 L:7693.25 C:7694.25 V:2054.0
  📈 Trend: moderate_bearish (raw: strong_bearish) | 🌍 Regime: ranging
  🗺️  Grid: 0.100% | 🔺 7695.25 🔻 7693.75
  📡 RSI: 46.6 | MACD: -0.64 | ATR: 2.75
  📊 Filled: 1 | Pending: 0
  📍 SHORT @ 7694.75 | SL: 7702.75 | TP: 7684.00 | P&L: $+25.00
  💰 Daily P&L: $-1,200.00

[2026-08-20 11:08] O:7694.25 H:7698.00 L:7693.75 C:7697.75 V:1874.0
  📈 Trend: moderate_bearish | 🌍 Regime: ranging
  🗺️  Grid: 0.100% | 🔺 7695.25 🔻 7693.25
  📡 RSI: 52.4 | MACD: -0.39 | ATR: 2.93
  📊 Filled: 1 | Pending: 0
  📍 SHORT @ 7694.75 | SL: 7702.75 | TP: 7684.00 | P&L: $-150.00
  💰 Daily P&L: $-1,200.00

[2026-08-20 11:09] O:7697.50 H:7698.25 L:7696.75 C:7698.25 V:1417.0
  📈 Trend: moderate_bearish | 🌍 Regime: ranging
  🗺️  Grid: 0.100% | 🔺 7698.00 🔻 7693.75
  📡 RSI: 52.4 | MACD: -0.14 | ATR: 2.84
  📊 Filled: 1 | Pending: 0
  📍 SHORT @ 7694.75 | SL: 7702.75 | TP: 7684.00 | P&L: $-175.00
  💰 Daily P&L: $-1,200.00

[2026-08-20 11:10] O:7698.00 H:7698.50 L:7695.25 C:7697.00 V:1795.0
  📈 Trend: moderate_bearish (raw: strong_bearish) | 🌍 Regime: ranging
  🗺️  Grid: 0.100% | 🔺 7698.25 🔻 7696.75
  📡 RSI: 51.2 | MACD: -0.04 | ATR: 2.95
  📊 Filled: 1 | Pending: 0
  📍 SHORT @ 7694.75 | SL: 7702.75 | TP: 7684.00 | P&L: $-112.50
  💰 Daily P&L: $-1,200.00

[2026-08-20 11:11] O:7697.00 H:7698.75 L:7696.75 C:7698.00 V:1401.0
  📈 Trend: moderate_bearish (raw: moderate_bullish) | 🌍 Regime: ranging
  🗺️  Grid: 0.100% | 🔺 7698.50 🔻 7695.25
  📡 RSI: 56.0 | MACD: 0.11 | ATR: 2.93
  📊 Filled: 1 | Pending: 0
  📍 SHORT @ 7694.75 | SL: 7702.75 | TP: 7684.00 | P&L: $-162.50
  💰 Daily P&L: $-1,200.00

[2026-08-20 11:12] O:7698.00 H:7698.00 L:7695.75 C:7696.00 V:795.0
  📈 Trend: moderate_bearish (raw: moderate_bullish) | 🌍 Regime: ranging
  🗺️  Grid: 0.100% | 🔺 7698.75 🔻 7696.75
  📡 RSI: 51.1 | MACD: 0.07 | ATR: 2.91
  📊 Filled: 1 | Pending: 0
  📍 SHORT @ 7694.75 | SL: 7702.75 | TP: 7684.00 | P&L: $-62.50
  💰 Daily P&L: $-1,200.00

[2026-08-20 11:13] O:7696.00 H:7696.00 L:7693.00 C:7693.25 V:1456.0
  📈 Trend: moderate_bearish (raw: strong_bearish) | 🌍 Regime: ranging
  🗺️  Grid: 0.100% | 🔺 7698.00 🔻 7695.75
  📡 RSI: 43.4 | MACD: -0.18 | ATR: 3.00
  📊 Filled: 1 | Pending: 0
  📍 SHORT @ 7694.75 | SL: 7702.75 | TP: 7684.00 | P&L: $+75.00
  💰 Daily P&L: $-1,200.00

[2026-08-20 11:14] O:7693.00 H:7694.00 L:7692.75 C:7693.25 V:1649.0
  📈 Trend: moderate_bearish (raw: strong_bearish) | 🌍 Regime: ranging
  🗺️  Grid: 0.100% | 🔺 7696.00 🔻 7693.00
  📡 RSI: 46.2 | MACD: -0.37 | ATR: 2.79
  📊 Filled: 1 | Pending: 0
  📍 SHORT @ 7694.75 | SL: 7702.75 | TP: 7684.00 | P&L: $+75.00
  💰 Daily P&L: $-1,200.00

[2026-08-20 11:15] O:7693.25 H:7694.25 L:7692.75 C:7693.50 V:1251.0
  📈 Trend: strong_bearish | 🌍 Regime: ranging
  🗺️  Grid: 0.100% | 🔺 7694.00 🔻 7692.75
  📡 RSI: 50.0 | MACD: -0.50 | ATR: 2.71
  📊 Filled: 1 | Pending: 0
  📍 SHORT @ 7694.75 | SL: 7702.75 | TP: 7684.00 | P&L: $+62.50
  💰 Daily P&L: $-1,200.00

[2026-08-20 11:16] O:7693.50 H:7694.00 L:7692.75 C:7693.25 V:1129.0
  📈 Trend: strong_bearish | 🌍 Regime: ranging
  🗺️  Grid: 0.100% | 🔺 7694.25 🔻 7692.75
  📡 RSI: 35.7 | MACD: -0.62 | ATR: 2.43
  📊 Filled: 1 | Pending: 0
  📍 SHORT @ 7694.75 | SL: 7702.75 | TP: 7684.00 | P&L: $+75.00
  💰 Daily P&L: $-1,200.00

[2026-08-20 11:17] O:7693.50 H:7694.00 L:7692.75 C:7693.50 V:1554.0
  📈 Trend: strong_bearish | 🌍 Regime: ranging
  🗺️  Grid: 0.100% | 🔺 7694.00 🔻 7692.75
  📡 RSI: 40.6 | MACD: -0.68 | ATR: 2.34
  📊 Filled: 1 | Pending: 0
  📍 SHORT @ 7694.75 | SL: 7702.75 | TP: 7684.00 | P&L: $+62.50
  💰 Daily P&L: $-1,200.00

[2026-08-20 11:18] O:7693.50 H:7694.50 L:7693.00 C:7694.00 V:916.0
  📈 Trend: strong_bearish | 🌍 Regime: ranging
  🗺️  Grid: 0.100% | 🔺 7694.00 🔻 7692.75
  📡 RSI: 50.9 | MACD: -0.68 | ATR: 2.14
  📊 Filled: 1 | Pending: 0
  📍 SHORT @ 7694.75 | SL: 7702.75 | TP: 7684.00 | P&L: $+37.50
  💰 Daily P&L: $-1,200.00

[2026-08-20 11:19] O:7694.25 H:7694.75 L:7694.00 C:7694.25 V:1125.0
  📈 Trend: strong_bearish | 🌍 Regime: ranging
  🗺️  Grid: 0.100% | 🔺 7694.50 🔻 7693.00
  📡 RSI: 50.0 | MACD: -0.66 | ATR: 1.95
  📊 Filled: 1 | Pending: 0
  📍 SHORT @ 7694.75 | SL: 7702.75 | TP: 7684.00 | P&L: $+25.00
  💰 Daily P&L: $-1,200.00

[2026-08-20 11:20] O:7694.25 H:7695.00 L:7692.75 C:7693.75 V:1698.0
  📈 Trend: strong_bearish | 🌍 Regime: ranging
  🗺️  Grid: 0.100% | 🔺 7694.75 🔻 7694.00
  📡 RSI: 46.3 | MACD: -0.67 | ATR: 2.00
  📊 Filled: 1 | Pending: 0
  📍 SHORT @ 7694.75 | SL: 7702.75 | TP: 7684.00 | P&L: $+50.00
  💰 Daily P&L: $-1,200.00

[2026-08-20 11:21] O:7693.75 H:7694.50 L:7693.00 C:7694.50 V:868.0
  📈 Trend: strong_bearish | 🌍 Regime: ranging
  🗺️  Grid: 0.100% | 🔺 7695.00 🔻 7692.75
  📡 RSI: 50.9 | MACD: -0.61 | ATR: 1.96
  📊 Filled: 1 | Pending: 0
  📍 SHORT @ 7694.75 | SL: 7702.75 | TP: 7684.00 | P&L: $+12.50
  💰 Daily P&L: $-1,200.00

[2026-08-20 11:22] O:7694.50 H:7695.25 L:7693.25 C:7693.50 V:1589.0
  📈 Trend: strong_bearish | 🌍 Regime: ranging
  🗺️  Grid: 0.100% | 🔺 7694.50 🔻 7693.00
  📡 RSI: 31.1 | MACD: -0.64 | ATR: 1.80
  📊 Filled: 1 | Pending: 0
  📍 SHORT @ 7694.75 | SL: 7702.75 | TP: 7684.00 | P&L: $+62.50
  💰 Daily P&L: $-1,200.00

[2026-08-20 11:23] O:7693.75 H:7698.25 L:7693.75 C:7696.25 V:3605.0
  📈 Trend: strong_bearish (raw: moderate_bearish) | 🌍 Regime: ranging
  🗺️  Grid: 0.100% | 🔺 7695.25 🔻 7693.25
  📡 RSI: 42.6 | MACD: -0.43 | ATR: 2.04
  📊 Filled: 1 | Pending: 0
  📍 SHORT @ 7694.75 | SL: 7702.75 | TP: 7684.00 | P&L: $-75.00
  💰 Daily P&L: $-1,200.00

[2026-08-20 11:24] O:7696.25 H:7699.00 L:7696.25 C:7697.25 V:2191.0
  📈 Trend: strong_bearish (raw: moderate_bullish) | 🌍 Regime: ranging
  🗺️  Grid: 0.100% | 🔺 7698.25 🔻 7693.75
  📡 RSI: 50.9 | MACD: -0.19 | ATR: 2.00
  📊 Filled: 1 | Pending: 0
  📍 SHORT @ 7694.75 | SL: 7702.75 | TP: 7684.00 | P&L: $-125.00
  💰 Daily P&L: $-1,200.00

[2026-08-20 11:25] O:7697.50 H:7698.50 L:7696.50 C:7698.00 V:2029.0
  📈 Trend: strong_bearish (raw: strong_bullish) | 🌍 Regime: ranging
  🗺️  Grid: 0.100% | 🔺 7699.00 🔻 7696.25
  📡 RSI: 50.0 | MACD: 0.07 | ATR: 2.00
  📊 Filled: 1 | Pending: 0
  📍 SHORT @ 7694.75 | SL: 7702.75 | TP: 7684.00 | P&L: $-162.50
  💰 Daily P&L: $-1,200.00

[2026-08-20 11:26] O:7698.00 H:7698.25 L:7696.50 C:7697.00 V:1075.0
  📈 Trend: strong_bearish (raw: strong_bullish) | 🌍 Regime: ranging
  🗺️  Grid: 0.100% | 🔺 7698.50 🔻 7696.50
  📡 RSI: 54.2 | MACD: 0.19 | ATR: 1.96
  📊 Filled: 1 | Pending: 0
  📍 SHORT @ 7694.75 | SL: 7702.75 | TP: 7684.00 | P&L: $-112.50
  💰 Daily P&L: $-1,200.00

[2026-08-20 11:27] O:7696.75 H:7697.50 L:7695.50 C:7695.75 V:1168.0
  📈 Trend: strong_bearish (raw: moderate_bullish) | 🌍 Regime: ranging
  🗺️  Grid: 0.100% | 🔺 7698.25 🔻 7696.50
  📡 RSI: 61.9 | MACD: 0.18 | ATR: 1.89
  📊 Filled: 1 | Pending: 0
  📍 SHORT @ 7694.75 | SL: 7702.75 | TP: 7684.00 | P&L: $-50.00
  💰 Daily P&L: $-1,200.00

[2026-08-20 11:28] O:7695.50 H:7696.50 L:7694.50 C:7696.00 V:1389.0
  📈 Trend: strong_bearish (raw: moderate_bullish) | 🌍 Regime: ranging
  🗺️  Grid: 0.100% | 🔺 7697.50 🔻 7695.50
  📡 RSI: 62.8 | MACD: 0.19 | ATR: 1.95
  📊 Filled: 1 | Pending: 0
  📍 SHORT @ 7694.75 | SL: 7702.75 | TP: 7684.00 | P&L: $-62.50
  💰 Daily P&L: $-1,200.00

[2026-08-20 11:29] O:7696.00 H:7696.75 L:7695.25 C:7695.50 V:1159.0
  📈 Trend: moderate_bullish | 🌍 Regime: ranging
  🗺️  Grid: 0.100% | 🔺 7696.50 🔻 7694.50
  📡 RSI: 59.1 | MACD: 0.16 | ATR: 1.95
  📊 Filled: 1 | Pending: 0
  📍 SHORT @ 7694.75 | SL: 7702.75 | TP: 7684.00 | P&L: $-37.50
  💰 Daily P&L: $-1,200.00

[2026-08-20 11:30] O:7695.50 H:7696.00 L:7691.75 C:7693.00 V:3208.0
  📈 Trend: moderate_bullish (raw: strong_bearish) | 🌍 Regime: ranging
  🗺️  Grid: 0.100% | 🔺 7696.75 🔻 7695.25
  📡 RSI: 49.1 | MACD: -0.07 | ATR: 2.16
  📊 Filled: 1 | Pending: 0
  📍 SHORT @ 7694.75 | SL: 7702.75 | TP: 7684.00 | P&L: $+87.50
  💰 Daily P&L: $-1,200.00

[2026-08-20 11:31] O:7692.75 H:7693.00 L:7691.75 C:7692.00 V:1245.0
  📈 Trend: moderate_bullish (raw: strong_bearish) | 🌍 Regime: ranging
  🗺️  Grid: 0.100% | 🔺 7696.00 🔻 7691.75
  📡 RSI: 44.6 | MACD: -0.33 | ATR: 2.16
  📊 Filled: 1 | Pending: 0
  📍 SHORT @ 7694.75 | SL: 7702.75 | TP: 7684.00 | P&L: $+137.50
  💰 Daily P&L: $-1,200.00

[2026-08-20 11:32] O:7692.00 H:7693.50 L:7692.00 C:7693.25 V:1060.0
  📈 Trend: strong_bearish | 🌍 Regime: ranging
  🗺️  Grid: 0.100% | 🔺 7693.00 🔻 7691.75
  📡 RSI: 47.5 | MACD: -0.43 | ATR: 2.16
  📊 Filled: 1 | Pending: 0
  📍 SHORT @ 7694.75 | SL: 7702.75 | TP: 7684.00 | P&L: $+75.00
  💰 Daily P&L: $-1,200.00

[2026-08-20 11:33] O:7693.00 H:7696.50 L:7693.00 C:7695.75 V:1532.0
  📈 Trend: strong_bearish | 🌍 Regime: ranging
  🗺️  Grid: 0.100% | 🔺 7693.50 🔻 7692.00
  📡 RSI: 54.4 | MACD: -0.30 | ATR: 2.36
  📊 Filled: 1 | Pending: 0
  📍 SHORT @ 7694.75 | SL: 7702.75 | TP: 7684.00 | P&L: $-50.00
  💰 Daily P&L: $-1,200.00

[2026-08-20 11:34] O:7695.75 H:7699.25 L:7695.50 C:7699.25 V:3658.0
  📈 Trend: strong_bearish (raw: moderate_bullish) | 🌍 Regime: ranging
  🗺️  Grid: 0.100% | 🔺 7696.50 🔻 7693.00
  📡 RSI: 63.8 | MACD: 0.08 | ATR: 2.46
  📊 Filled: 1 | Pending: 0
  📍 SHORT @ 7694.75 | SL: 7702.75 | TP: 7684.00 | P&L: $-225.00
  💰 Daily P&L: $-1,200.00

[2026-08-20 11:35] O:7699.00 H:7699.75 L:7698.00 C:7699.25 V:1640.0
  📈 Trend: strong_bearish (raw: moderate_bullish) | 🌍 Regime: ranging
  🗺️  Grid: 0.100% | 🔺 7699.25 🔻 7695.50
  📡 RSI: 62.3 | MACD: 0.38 | ATR: 2.48
  📊 Filled: 1 | Pending: 0
  📍 SHORT @ 7694.75 | SL: 7702.75 | TP: 7684.00 | P&L: $-225.00
  💰 Daily P&L: $-1,200.00

[2026-08-20 11:36] O:7699.25 H:7701.00 L:7698.75 C:7701.00 V:2031.0
  📈 Trend: strong_bearish (raw: strong_bullish) | 🌍 Regime: ranging
  🗺️  Grid: 0.100% | 🔺 7699.75 🔻 7698.00
  📡 RSI: 68.8 | MACD: 0.75 | ATR: 2.50
  📊 Filled: 1 | Pending: 0
  📍 SHORT @ 7694.75 | SL: 7702.75 | TP: 7684.00 | P&L: $-312.50
  💰 Daily P&L: $-1,200.00

[2026-08-20 11:37] O:7701.00 H:7702.00 L:7699.75 C:7700.25 V:2251.0
  📈 Trend: strong_bearish (raw: strong_bullish) | 🌍 Regime: ranging
  🗺️  Grid: 0.100% | 🔺 7701.00 🔻 7698.75
  📡 RSI: 61.1 | MACD: 0.97 | ATR: 2.32
  📊 Filled: 1 | Pending: 0
  📍 SHORT @ 7694.75 | SL: 7702.75 | TP: 7684.00 | P&L: $-275.00
  💰 Daily P&L: $-1,200.00

[2026-08-20 11:38] O:7700.25 H:7701.00 L:7699.50 C:7701.00 V:1058.0
  📈 Trend: strong_bullish | 🌍 Regime: ranging
  🗺️  Grid: 0.100% | 🔺 7702.00 🔻 7699.75
  📡 RSI: 60.6 | MACD: 1.19 | ATR: 2.23
  📊 Filled: 1 | Pending: 0
  📍 SHORT @ 7694.75 | SL: 7702.75 | TP: 7684.00 | P&L: $-312.50
  💰 Daily P&L: $-1,200.00

[2026-08-20 11:39] O:7700.75 H:7702.00 L:7700.25 C:7701.00 V:1565.0
  📈 Trend: strong_bullish | 🌍 Regime: ranging
  🗺️  Grid: 0.100% | 🔺 7701.00 🔻 7699.50
  📡 RSI: 58.8 | MACD: 1.35 | ATR: 2.21
  📊 Filled: 1 | Pending: 0
  📍 SHORT @ 7694.75 | SL: 7702.75 | TP: 7684.00 | P&L: $-312.50
  💰 Daily P&L: $-1,200.00
  📋 Order 312 status: PreSubmitted
  📋 Order 312 status: PendingCancel
  ✅ Fill: BOT 1.0 @ 7702.75
  📋 Order 311 status: Filled
  📋 Order 312 status: PendingCancel
  🛡️ OCA backup: cancelling sibling order 312 immediately after 311 filled
  📋 Order 312 status: Cancelled

[2026-08-20 11:40] O:7701.25 H:7703.50 L:7700.75 C:7702.75 V:2233.0
  📈 Trend: strong_bullish | 🌍 Regime: ranging
  🗺️  Grid: 0.100% | 🔺 7702.00 🔻 7700.25
  📡 RSI: 66.2 | MACD: 1.60 | ATR: 2.29
  📊 Filled: 1 | Pending: 0
  📍 SHORT @ 7694.75 | SL: 7702.75 | TP: 7684.00 | P&L: $-400.00
  ❌ EXIT SHORT @ 7702.75 | Stop Loss
     P&L: -8.00 pts ($-400.00) | Daily: $-1,600.00
  ⚠️ POSITION MISMATCH after exit: broker=1, bot expects=0
  🛟 Flattening stray 1 contract(s) with SELL to restore expected exposure
  📤 Market SELL 1 contracts submitted (ID: 313)
  📋 Order 313 status: PreSubmitted
  ✅ Fill: SLD 1.0 @ 7702.75
  📋 Order 313 status: Filled
  ⏸️ Cooldown: 2 bar(s) remaining after exit
  💰 Daily P&L: $-1,600.00

[2026-08-20 11:41] O:7702.75 H:7703.25 L:7701.50 C:7702.00 V:1733.0
  📈 Trend: strong_bullish | 🌍 Regime: ranging
  🗺️  Grid: 0.100% | 🔺 7703.50 🔻 7700.75
  📡 RSI: 68.1 | MACD: 1.72 | ATR: 2.27
  📊 Filled: 0 | Pending: 0
  ⏸️ Cooldown: 1 bar(s) remaining after exit
  💰 Daily P&L: $-1,600.00

[2026-08-20 11:42] O:7702.00 H:7702.75 L:7701.25 C:7701.50 V:1691.0
  📈 Trend: strong_bullish | 🌍 Regime: ranging
  🗺️  Grid: 0.100% | 🔺 7703.25 🔻 7701.50
  📡 RSI: 65.7 | MACD: 1.75 | ATR: 2.23
  📊 Filled: 0 | Pending: 0
  💰 Daily P&L: $-1,600.00

[2026-08-20 11:43] O:7701.25 H:7702.50 L:7701.00 C:7701.50 V:1787.0
  📈 Trend: strong_bullish | 🌍 Regime: ranging
  🗺️  Grid: 0.100% | 🔺 7702.75 🔻 7701.25
  📡 RSI: 67.6 | MACD: 1.76 | ATR: 2.23
  📊 Filled: 0 | Pending: 0
  💰 Daily P&L: $-1,600.00

[2026-08-20 11:44] O:7701.50 H:7704.75 L:7701.25 C:7704.75 V:2060.0
  📈 Trend: strong_bullish | 🌍 Regime: ranging
  🗺️  Grid: 0.100% | 🔺 7702.50 🔻 7701.00
  📡 RSI: 83.1 | MACD: 2.00 | ATR: 2.18
  📊 Filled: 0 | Pending: 0
  💰 Daily P&L: $-1,600.00

[2026-08-20 11:45] O:7704.50 H:7704.50 L:7701.25 C:7702.00 V:2099.0
  📈 Trend: strong_bullish | 🌍 Regime: ranging
  🗺️  Grid: 0.100% | 🔺 7704.75 🔻 7701.25
  📡 RSI: 75.6 | MACD: 1.95 | ATR: 2.34
  📊 Filled: 0 | Pending: 0
  💰 Daily P&L: $-1,600.00

[2026-08-20 11:46] O:7702.00 H:7704.25 L:7702.00 C:7704.00 V:1315.0
  📈 Trend: strong_bullish | 🌍 Regime: ranging
  🗺️  Grid: 0.100% | 🔺 7704.50 🔻 7701.25
  📡 RSI: 76.5 | MACD: 2.05 | ATR: 2.39
  📊 Filled: 0 | Pending: 0
  💰 Daily P&L: $-1,600.00

[2026-08-20 11:47] O:7704.25 H:7704.50 L:7703.25 C:7703.75 V:1307.0
  📈 Trend: strong_bullish | 🌍 Regime: ranging
  🗺️  Grid: 0.100% | 🔺 7704.25 🔻 7702.00
  📡 RSI: 72.2 | MACD: 2.08 | ATR: 2.23
  📊 Filled: 0 | Pending: 0
  💰 Daily P&L: $-1,600.00

[2026-08-20 11:48] O:7703.50 H:7704.00 L:7702.00 C:7702.50 V:1363.0
  📈 Trend: strong_bullish | 🌍 Regime: ranging
  🗺️  Grid: 0.100% | 🔺 7704.50 🔻 7703.25
  📡 RSI: 60.3 | MACD: 1.98 | ATR: 2.11
  📊 Filled: 0 | Pending: 0
  💰 Daily P&L: $-1,600.00

[2026-08-20 11:49] O:7702.50 H:7703.00 L:7701.75 C:7701.75 V:1162.0
  📈 Trend: strong_bullish | 🌍 Regime: ranging
  🗺️  Grid: 0.100% | 🔺 7704.00 🔻 7702.00
  📡 RSI: 57.6 | MACD: 1.82 | ATR: 2.07
  📊 Filled: 0 | Pending: 0
  💰 Daily P&L: $-1,600.00

[2026-08-20 11:50] O:7702.00 H:7704.25 L:7701.50 C:7702.25 V:1508.0
  📈 Trend: strong_bullish (raw: moderate_bullish) | 🌍 Regime: ranging
  🗺️  Grid: 0.100% | 🔺 7703.00 🔻 7701.75
  📡 RSI: 54.1 | MACD: 1.72 | ATR: 2.11
  📊 Filled: 0 | Pending: 0
  💰 Daily P&L: $-1,600.00

[2026-08-20 11:51] O:7702.25 H:7702.75 L:7700.75 C:7701.00 V:1960.0
  📈 Trend: strong_bullish (raw: moderate_bullish) | 🌍 Regime: ranging
  🗺️  Grid: 0.100% | 🔺 7704.25 🔻 7701.50
  📡 RSI: 52.4 | MACD: 1.52 | ATR: 2.09
  📊 Filled: 0 | Pending: 0
  💰 Daily P&L: $-1,600.00

[2026-08-20 11:52] O:7700.75 H:7701.50 L:7699.50 C:7700.75 V:1463.0
  📈 Trend: moderate_bullish | 🌍 Regime: ranging
  🗺️  Grid: 0.100% | 🔺 7702.75 🔻 7700.75
  📡 RSI: 49.2 | MACD: 1.32 | ATR: 2.12
  📊 Filled: 0 | Pending: 0
  💰 Daily P&L: $-1,600.00

[2026-08-20 11:53] O:7700.50 H:7701.00 L:7700.25 C:7700.25 V:1070.0
  📈 Trend: moderate_bullish | 🌍 Regime: ranging
  🗺️  Grid: 0.100% | 🔺 7701.50 🔻 7699.50
  📡 RSI: 47.6 | MACD: 1.11 | ATR: 2.05
  📊 Filled: 0 | Pending: 0
  💰 Daily P&L: $-1,600.00
→ Real-time bars cancelled
✓ Disconnected from IBKR
